name,region,type,en_name,kr_name,x,y,z
Node_Her_Temporary_Camp,Hernand,camp,Temporary Camp,,-10658.52,634.28,-3701.77
Node_Her_HernandCastle,Hernand,castle,Hernand Castle,에르난드 성,948.00,520.00,218.00
Node_Her_HernandEastGate,Hernand,gate,Hernand East Gate,에르난드 동문,-9588.00,573.00,-3967.00
Node_Her_HernandNorthGate,Hernand,gate,Hernand North Gate,에르난드 북쪽 관문,-9867.00,662.00,-1926.00
Node_Her_HowlingCave,Hernand,cave,Howling Cave,,-10437.00,763.00,-1693.00
Node_Her_BellanorHuntingGrounds,Hernand,poi,Bellanor Hunting Grounds,벨라노르 사냥터,-10064.00,686.00,-1939.00
Node_Her_RoyalSupply_Hernand,Hernand,storage,Royal Supply Hernand,,-10673.00,635.00,-3728.00
Node_Her_BellanorBeacon,Hernand,beacon,Bellanor Beacon,벨라노르 봉화대,-9671.00,707.00,-1911.00
Node_Her_HellwoodBeacon,Hernand,beacon,Hellwood Beacon,,-9987.00,654.00,-3065.00
Node_Her_DeepForestBeacon,Hernand,beacon,Deep Forest Beacon,,-9337.00,683.00,-5954.00
Node_Her_TorchlightBeacon,Hernand,beacon,Torchlight Beacon,토치라이트 봉화대,-10994.00,801.00,-3553.00
Node_Her_EmbernestBeacon,Hernand,beacon,Embernest Beacon,엠버네스트 봉화대,-10284.00,641.00,-3381.00
Node_Her_RootFort,Hernand,fort,Root Fort,,-10501.00,768.00,-2287.00
Node_Her_DivineTree,Hernand,poi,Divine Tree,,-10519.00,815.00,-2140.00
Node_Her_SpiderCastle,Hernand,castle,Spider Castle,,326.00,328.00,332.00
Node_Her_ArboriaCraftshop,Hernand,market,Arboria Craftshop,아보리아 공방,-9668.00,664.00,-2581.00
Node_Her_ArboriaVillage,Hernand,village,Arboria Village,,-10123.00,715.00,-2508.00
Node_Her_SaddlewindRanch,Hernand,ranch,Saddlewind Ranch,새들윈드 말목장,-9604.00,665.00,-2496.00
Node_Her_WindcrestOutpost,Hernand,outpost,Windcrest Outpost,윈드크레스트 전초기지,-9849.00,686.00,-2606.00
Node_Her_HillguardOutpost,Hernand,outpost,Hillguard Outpost,,-10054.00,710.00,-2242.00
Node_Her_OakwatchOutpost,Hernand,outpost,Oakwatch Outpost,오크워치 전초기지,-9910.00,691.00,-2228.00
Node_Her_FortHellwood,Hernand,fort,Fort Hellwood,헬우드 요새,308.00,310.00,136.00
Node_Her_HellwoodInnerGate,Hernand,gate,Hellwood Inner Gate,헬우드 내문,-11042.00,706.00,-5494.00
Node_Her_HellwoodOuterGate,Hernand,gate,Hellwood Outer Gate,헬우드 외문,-10982.00,689.00,-5431.00
Node_Her_FortHellwood_Cliff_WatchTower,Hernand,fort,Fort Hellwood Cliff Watchtower,헬우드 요새 절벽 망루,-11149.00,778.00,-5660.00
Node_Her_RiverwardOutpost,Hernand,outpost,Riverward Outpost,리버워드 전초기지,1136.00,1152.00,1200.00
Node_Her_Riverward_SpearsendStation,Hernand,station,Riverward Spearsend Station,,-10695.00,670.00,-2418.00
Node_Her_Riverward_ArroweyeStation,Hernand,station,Riverward Arroweye Station,,-10815.00,672.00,-2271.00
Node_Her_Riverward_IronhoofStation,Hernand,station,Riverward Ironhoof Station,,-10954.00,677.00,-2034.00
Node_Her_Riverward_IronhammerStation,Hernand,station,Riverward Ironhammer Station,,-11017.00,679.00,-1961.00
Node_Her_DragonKillCastle,Hernand,castle,Dragon Kill Castle,,-9771.00,684.00,-1508.00
Node_Her_DrakefallWatchtowerArea,Hernand,tower,Drakefall Watchtower Area,,-9899.00,696.00,-1766.00
Node_Her_OakenshieldManor_Serkis,Hernand,manor,Oakenshield Manor Serkis,,-10740.00,626.00,-3882.00
Node_Her_CapraPasture,Hernand,poi,Capra Pasture,카프라 목초지,-10818.00,610.00,-4012.00
Node_Her_SpringtideWatermill,Hernand,poi,Springtide Watermill,,-10442.00,539.00,-4213.00
Node_Her_HuntersHut,Hernand,hut,Hunters Hut,,-11394.00,797.00,-2959.00
Node_Her_IvyVillage,Hernand,village,Ivy Village,,-11304.00,831.00,-3388.00
Node_Her_PeacefulFishingDock,Hernand,harbor,Peaceful Fishing Dock,,-11527.00,792.00,-3136.00
Node_Her_FortAnvil,Hernand,fort,Fort Anvil,모루요새,-9945.00,615.00,-4027.00
Node_Her_HellwoodSlaveCamp,Hernand,camp,Hellwood Slave Camp,,-9868.00,624.00,-3075.00
Node_Her_GreymaneCamp,Hernand,camp,Greymane Camp,,-10498.00,609.00,-4413.00
Node_Her_WillkommPost,Hernand,poi,Willkomm Post,,-10308.00,683.00,-2342.00
Node_Her_FraueCamp,Hernand,camp,Fraue Camp,,-10142.00,665.00,-2840.00
Node_Her_BoomveldBombFactory,Hernand,workshop,Boomveld Bomb Factory,,-10327.00,669.00,-2594.00
Node_Her_BluemontManor_Rupert,Hernand,manor,Bluemont Manor Rupert,,-10691.00,619.00,-3889.00
Node_Her_BluemontWineHouse,Hernand,house,Bluemont Wine House,,-10689.00,558.00,-4200.00
Node_Her_MuckrootRanch,Hernand,ranch,Muckroot Ranch,머크루트 목장,-10548.00,568.00,-4034.00
Node_Her_KarinQuarry,Hernand,poi,Karin Quarry,카린 채석장,-10289.00,637.00,-3180.00
Node_Her_StreamsidePier,Hernand,harbor,Streamside Pier,,-10084.00,517.00,-4397.00
Node_Her_BloomwoodRanch,Hernand,ranch,Bloomwood Ranch,블룸우드 목장,-10160.00,551.00,-4249.00
Node_Her_PervinFort,Hernand,fort,Pervin Fort,,280.00,282.00,416.00
Node_Her_PervinGate,Hernand,gate,Pervin Gate,,-11531.00,645.00,-5039.00
Node_Her_PervinQuarry,Hernand,poi,Pervin Quarry,,-11421.00,623.00,-4887.00
Node_Her_MeshleyTrapMaker,Hernand,poi,Meshley Trap Maker,,-11295.00,621.00,-4819.00
Node_Her_PervinTradePost,Hernand,trade,Pervin Trade Post,,-11222.00,611.00,-4688.00
Node_Her_PervinPrisonCamp,Hernand,camp,Pervin Prison Camp,,-11297.00,606.00,-5084.00
Node_Her_Pervin_WatchTower,Hernand,tower,Pervin Watch Tower,,-11417.00,620.00,-5013.00
Node_Her_LioncrestManor_Alfonso,Hernand,manor,Lioncrest Manor Alfonso,,-10821.00,650.00,-3748.00
Node_Her_TimberhamLumbermill,Hernand,poi,Timberham Lumbermill,,-10968.00,663.00,-3935.00
Node_Her_TimberhamSawmill,Hernand,sawmill,Timberham Sawmill,팀버햄 제재소,-10926.00,624.00,-3999.00
Node_Her_EquinsherSaddlery,Hernand,poi,Equinsher Saddlery,에퀸셔 마구 상점,-10304.00,546.00,-4190.00
Node_Her_TimberWagonFactory,Hernand,workshop,Timber Wagon Factory,,-9971.00,527.00,-4363.00
Node_Her_FortWarspike,Hernand,fort,Fort Warspike,워스파이크 요새,256.00,258.00,260.00
Node_Her_PhonielRanch,Hernand,ranch,Phoniel Ranch,포니엘 목장,-11365.00,635.00,-4508.00
Node_Her_WarspikeSpearmaker,Hernand,poi,Warspike Spearmaker,워스파이크 창 제작소,-11410.00,667.00,-4228.00
Node_Her_WarspikeEastGate,Hernand,gate,Warspike East Gate,워스파이크 동문,-11520.00,704.00,-3973.00
Node_Her_WarspikeSouthGate,Hernand,gate,Warspike South Gate,워스파이크 남문,-11595.00,674.00,-4184.00
Node_Her_WarspikeNorthGate,Hernand,gate,Warspike North Gate,워스파이크 북문,-11668.00,712.00,-4059.00
Node_Her_GreystoneManor_Felix,Hernand,manor,Greystone Manor Felix,,-10534.00,607.00,-3870.00
Node_Her_WycliffeMappery,Hernand,landmark,Wycliffe Mappery,위클리프 지도 제작소,-10538.00,598.00,-3450.00
Node_Her_RodbelFishingDock,Hernand,harbor,Rodbel Fishing Dock,로드벨 낚시터,-10231.00,540.00,-3987.00
Node_Her_InksworthPrinter,Hernand,poi,Inksworth Printer,,-11160.00,572.00,-4573.00
Node_Her_CoalvaleWorkshop,Hernand,workshop,Coalvale Workshop,콜베일 숯 공방,-9839.00,563.00,-4623.00
Node_Her_SouthQuarry,Hernand,poi,South Quarry,,-9570.00,590.00,-4648.00
Node_Her_GoldleafGuildhouse,Hernand,guild,Goldleaf Guildhouse,금풍상회 본부,-10009.00,617.00,-4709.00
Node_Her_GoldleafTradepost,Hernand,trade,Goldleaf Tradepost,,-10328.84,551.26,-4238.32
Node_Her_GoldenFistsArena,Hernand,arena,Golden Fists Arena,,-10766.00,557.00,-4255.00
Node_Her_GoldleafGuildhouse_Trader_Base,Hernand,trade,Goldleaf Guildhouse Trader Base,,-10020.00,619.00,-4685.00
Node_Dem_GoldenTradePost,Demeniss,trade,Golden Trade Post,,-8803.00,543.00,-2774.00
Node_Dem_GoldleafGuildhouse_Trader_Demeniss,Demeniss,trade,Goldleaf Guildhouse Trader Demeniss,,-8803.00,543.00,-2865.00
Node_Her_North_GoldleafBlackMarket,Hernand,market,North Goldleaf Black Market,,-10415.00,639.00,-3320.00
Node_Her_East_GoldleafBlackMarket,Hernand,market,East Goldleaf Black Market,,-9762.00,554.00,-3264.00
Node_Her_Cal_GoldleafBlackMarket,Hernand,market,Cal Goldleaf Black Market,,-11461.00,800.00,-3510.00
Node_Dem_GoldleafBlackMarket,Demeniss,market,Goldleaf Black Market,,-9027.00,507.00,-4819.00
Node_Her_ScholastoneInstitute,Hernand,laboratory,Scholastone Institute,스콜라스톤 학술원,212.00,213.00,210.00
Node_Her_KilndenKukuWorkshop,Hernand,workshop,Kilnden Kuku Workshop,,-11148.00,727.00,-3875.00
Node_Her_KukuSupplyTent,Hernand,storage,Kuku Supply Tent,,-11312.00,703.00,-4016.00
Node_Her_ScholastoneArchive,Hernand,poi,Scholastone Archive,스콜라스톤 기록 보관소,-12065.00,856.00,-5021.00
Node_Her_VelluaVillage,Hernand,village,Vellua Village,,219.00,220.00,221.00
Node_Her_VelluaFirstManGrave,Hernand,tomb,Vellua First Man Grave,,-10078.00,557.00,-5845.00
Node_Her_RichFishingSite,Hernand,poi,Rich Fishing Site,,-10050.00,352.00,-5977.00
Node_Her_ForentinHut,Hernand,hut,Forentin Hut,,-10479.00,552.00,-5652.00
Node_Her_TheFlyingCatfish,Hernand,poi,The Flying Catfish,,-10216.00,363.00,-6272.00
Node_Her_PororinVillage,Hernand,village,Pororin Village,,223.00,224.00,225.00
Node_Her_ReachwoodRuins,Hernand,ruins,Reachwood Ruins,리치우드 유적,-10176.00,576.00,-5228.00
Node_Her_FlorindaleVillage,Hernand,village,Florindale Village,,-10139.00,569.00,-5072.00
Node_Her_PetaltonWorkshop,Hernand,workshop,Petalton Workshop,페타르톤 공방,-10062.00,561.00,-5266.00
Node_Her_ShakeForest,Hernand,forest,Shake Forest,,-9022.00,467.00,-4999.00
Node_Her_KharonsoVillage,Hernand,village,Kharonso Village,,-12168.00,789.00,-5472.00
Node_Her_NectarwoodBeeFarm,Hernand,farm,Nectarwood Bee Farm,,-12302.00,789.00,-5529.00
Node_Her_KharonsoLake,Hernand,water,Kharonso Lake,,-12366.00,738.00,-5032.00
Node_Her_GlenbrightManor_Grace,Hernand,manor,Glenbright Manor Grace,,237.00,246.00,247.00
Node_Her_FlowerDustBeeFarm,Hernand,farm,Flower Dust Bee Farm,,-10905.00,602.00,-5135.00
Node_Her_WindHillFactory,Hernand,workshop,Wind Hill Factory,,-10558.00,612.00,-5164.00
Node_Her_GlenbrightFarm,Hernand,farm,Glenbright Farm,글렌브라이트 농장,-10629.00,644.00,-5071.00
Node_Her_TotesmithLeatherMaker,Hernand,poi,Totesmith Leather Maker,,-10739.00,629.00,-5255.00
Node_Her_CemeteryofReeds,Hernand,tomb,Cemeteryof Reeds,,-10745.00,628.00,-5449.00
Node_Her_HalsiusHospital,Hernand,poi,Halsius Hospital,,250.00,251.00,252.00
Node_Her_HalsiusTradePost,Hernand,trade,Halsius Trade Post,,-9563.00,574.00,-4212.00
Node_Her_HalsiusDrugstore,Hernand,shop,Halsius Drugstore,,-9826.00,573.00,-4155.00
Node_Her_HalsiusRanch,Hernand,ranch,Halsius Ranch,,-9195.00,501.00,-4136.00
Node_Her_Slum,Hernand,poi,Slum,,-10944.00,598.00,-4117.00
Node_Her_BeggarsEnd,Hernand,poi,Beggar's End,넝마숙소,-10793.00,618.00,-3885.00
Node_Her_TheScrapfold,Hernand,poi,The Scrapfold,판자숙소,-10764.00,609.00,-3980.00
Node_Cal_CalphadeCastle,Calphade,castle,Calphade Castle,칼페이드 성,358.00,112.50,360.00
Node_Cal_CalphadeSouthGate,Calphade,gate,Calphade South Gate,칼페이드 남문,-11568.00,772.00,-2937.00
Node_Cal_CalphadeSouthEastGate,Calphade,gate,Calphade South East Gate,,-11459.00,671.00,-2600.00
Node_Cal_CalphadeNorthGate,Calphade,gate,Calphade North Gate,칼페이드 북문,-11849.00,693.00,-1371.00
Node_Cal_CalphadeOutpost,Calphade,outpost,Calphade Outpost,칼페이드 전초기지,-11270.00,670.00,-2633.00
Node_Cal_CalphadeBeacon,Calphade,beacon,Calphade Beacon,칼페이드 봉화대,-11342.00,764.00,-2280.00
Node_Cal_CalphadeSouthDepot,Calphade,storage,Calphade South Depot,,-11647.00,699.00,-2318.00
Node_Cal_CalphadeNorthDepot,Calphade,monster_lair,Calphade North Depot,,-11467.00,682.00,-1721.00
Node_Cal_CalphadeRefinery,Calphade,workshop,Calphade Refinery,,-11607.00,672.00,-2470.00
Node_Cal_CalphadeGunpowderFactory,Calphade,workshop,Calphade Gunpowder Factory,,-11503.00,682.00,-2242.00
Node_Cal_CalphadeLoggingCamp,Calphade,camp,Calphade Logging Camp,칼페이드 벌목장,-11546.00,702.00,-1888.00
Node_Cal_ThalwyndVillage,Calphade,village,Thalwynd Village,,-11862.00,685.00,-2158.00
Node_Cal_CalphadeTrainingField,Calphade,military,Calphade Training Field,칼페이드 훈련장,-12033.00,751.00,-1518.00
Node_Cal_CalphadeFarm,Calphade,farm,Calphade Farm,,-11916.00,723.00,-1704.00
Node_Cal_SouthWatch_Post,Calphade,watch_post,South Watch Post,,-11667.00,745.00,-2674.00
Node_Cal_CalphadeArtilery_I,Calphade,military,Calphade Artilery I,,-11663.00,745.00,-2656.00
Node_Cal_SouthBorder_Post,Calphade,watch_post,South Border Post,,-11798.00,690.00,-2428.00
Node_Cal_CalphadeArtilery_II,Calphade,military,Calphade Artilery II,,-11860.00,727.00,-2451.00
Node_Cal_CenterBorder_Post,Calphade,watch_post,Center Border Post,,-12026.00,716.00,-2092.00
Node_Cal_CalphadeArtilery_III,Calphade,military,Calphade Artilery III,,-11987.00,715.00,-2097.00
Node_Cal_NorthBorder_Post,Calphade,watch_post,North Border Post,,-12141.00,756.00,-1634.00
Node_Cal_CalphadeArtilery_IV,Calphade,military,Calphade Artilery IV,,-12107.00,757.00,-1647.00
Node_Cal_WolfFang_Mine,Calphade,mine,Wolf Fang Mine,,-10962.00,705.00,-2191.00
Node_Cal_WolfFang_Watch,Calphade,watch_post,Wolf Fang Watch,,-11107.00,813.00,-2238.00
Node_Her_WolfFang_Edge_WatchTower,Hernand,tower,Wolf Fang Edge Watch Tower,,-11167.00,738.00,-1951.00
Node_Dem_ForestAltar,Demeniss,shrine,Forest Altar,숲의 제단,-8612.00,489.00,-4940.00
Node_Her_WitchHouse,Hernand,house,Witch House,,-11475.00,646.00,-4592.00
Node_Pailune_Witch,Unknown,poi,Witch,마녀,-9984.00,667.00,-339.00
Node_Kwe_RedLake,Kweiden,water,Red Lake,,-10896.00,904.00,418.00
Node_Wayward_Woods_Witch,Unknown,poi,Woods Witch,,-11339.00,781.00,-705.00
Node_Her_Region_Cave_0079,Hernand,cave,Region Cave 0079,,-10753.00,626.00,-3443.00
Node_Her_HernandChurch,Hernand,shrine,Hernand Church,에르난드 성당,-10506.00,602.00,-3887.00
Node_Her_VelluaChurch,Hernand,shrine,Vellua Church,,-10451.00,367.00,-5995.00
Node_Cal_CalphadeChurch,Calphade,shrine,Calphade Church,칼페이드 성당,-11879.00,697.00,-2025.00
Node_Her_RuinedChapel,Hernand,poi,Ruined Chapel,무너진 예배당,-9880.00,585.00,-5835.00
Node_Her_CastlewoodRuins,Hernand,castle,Castlewood Ruins,캐슬우드 유적,-10042.00,600.00,-5423.00
Node_Her_DeepForest,Hernand,forest,Deep Forest,,-9755.00,615.00,-5513.00
Node_Her_SeniaVillage,Hernand,village,Senia Village,,-11076.00,671.00,-5232.00
Node_Her_SeniaVillageWaterwheel,Hernand,village,Senia Village Waterwheel,,-11004.49,664.85,-5273.91
Node_Her_SeniaLift,Hernand,poi,Senia Lift,세니아 승강기,-11139.92,672.37,-5267.24
Node_Dem_DemenissCastle,Demeniss,castle,Demeniss Castle,데메니스 성,552.00,139.00,528.00
Node_Dem_RoyalTomb,Demeniss,tomb,Royal Tomb,왕가의 무덤,-7319.00,536.00,-3542.00
Node_Dem_SouthDemenissGate,Demeniss,gate,South Demeniss Gate,,-8601.00,476.00,-4150.00
Node_Dem_WestDemenissGate,Demeniss,gate,West Demeniss Gate,,-9082.00,548.00,-3852.00
Node_Dem_DemenissZoo,Demeniss,poi,Demeniss Zoo,,-8126.00,499.00,-3713.00
Node_Dem_DemenissPolice,Demeniss,poi,Demeniss Police,,-8120.00,528.00,-3400.00
Node_Dem_RoyalSupply_Demeniss,Demeniss,storage,Royal Supply Demeniss,,-8038.00,521.00,-3229.00
Node_Dem_PecusRanch,Demeniss,ranch,Pecus Ranch,페쿠스 목장,-8197.00,507.00,-3655.00
Node_Dem_GrassfieldRanch,Demeniss,ranch,Grassfield Ranch,,-8414.00,483.00,-3856.00
Node_Dem_SouthWagonFactory,Demeniss,workshop,South Wagon Factory,,-8263.00,496.00,-3728.00
Node_Dem_ScorchrockCastle,Demeniss,castle,Scorchrock Castle,스코치락 성,-8717.00,538.00,-4008.00
Node_Dem_TheLaughingMarionette,Demeniss,poi,The Laughing Marionette,웃는 꼭두각시 서커스장,-8212.00,530.00,-3217.00
Node_Dem_DemenissArmory,Demeniss,poi,Demeniss Armory,데메니스 무기고,3328.00,3344.00,3360.00
Node_Dem_DemArmyBase,Demeniss,poi,Dem Army Base,,-6033.00,433.00,-3041.00
Node_Dem_DemArmyCamp,Demeniss,camp,Dem Army Camp,,-6543.00,532.00,-2608.00
Node_Dem_BrokenHouse,Demeniss,house,Broken House,,-6270.00,395.00,-3257.00
Node_Dem_TowerRuins,Demeniss,ruins,Tower Ruins,,-6261.00,451.00,-2868.00
Node_Crim_FortMusket,Crimson,fort,Fort Musket,머스킷 성채,432.00,438.00,640.00
Node_Crim_Musket1Outpost,Crimson,outpost,Musket1Outpost,,-6556.00,540.00,-2196.00
Node_Crim_MusketArtilery_I,Crimson,military,Musket Artilery I,,-6298.00,552.00,-1995.00
Node_Crim_Musket2Outpost,Crimson,outpost,Musket2Outpost,,-6815.00,540.00,-2316.00
Node_Crim_FortMusket_Trainingfield,Crimson,fort,Fort Musket Trainingfield,,-6556.00,540.00,-2196.00
Node_Crim_Wall_Supply,Crimson,storage,Wall Supply,,-6877.00,546.00,-2194.00
Node_Crim_Musket_UltimateWeapon_I,Crimson,military,Musket Ultimate Weapon I,,-6961.00,586.00,-1849.00
Node_Crim_Musket_UltimateWeapon_II,Crimson,military,Musket Ultimate Weapon II,,-6853.00,620.00,-1696.00
Node_Crim_Musket_UltimateWeapon_III,Crimson,military,Musket Ultimate Weapon III,,-6569.00,604.00,-1570.00
Node_Dem_WestCourt,Demeniss,poi,West Court,,-8481.00,525.00,-2930.00
Node_Dem_SouthCourt,Demeniss,poi,South Court,,-8572.00,563.00,-3630.00
Node_Dem_EastCourt,Demeniss,poi,East Court,,-6678.00,473.00,-3067.00
Node_Dem_AzerianManor,Demeniss,manor,Azerian Manor,아제리안 저택,454.00,456.00,458.00
Node_Dem_PurringtonFarm,Demeniss,farm,Purrington Farm,,-8963.00,597.00,-3186.00
Node_Dem_HayscentFarm,Demeniss,farm,Hayscent Farm,헤이센트 농장,-9209.00,592.00,-3309.00
Node_Dem_LacusFarm,Demeniss,farm,Lacus Farm,라쿠스 농장,-8588.00,546.00,-3348.00
Node_Dem_CanalsideFarm,Demeniss,farm,Canalside Farm,캐널사이드 농장,-8473.00,534.00,-3258.00
Node_Dem_RustleleafFarm,Demeniss,farm,Rustleleaf Farm,러슬리프 농장,-8778.00,534.00,-3594.00
Node_Dem_FrameVillage,Demeniss,village,Frame Village,,-8355.00,530.00,-3350.00
Node_Dem_Flame_Knights,Demeniss,poi,Flame Knights,화염의 기사단,-9010.00,608.00,-2966.00
Node_Dem_SungroveManor_Marcella,Demeniss,manor,Sungrove Manor Marcella,,472.00,836.00,478.00
Node_Dem_BlueGoldDyehouse,Demeniss,house,Blue Gold Dyehouse,,-8263.00,511.00,-3029.00
Node_Dem_KingMountainDigSite,Demeniss,poi,King Mountain Dig Site,,-9025.00,647.00,-2210.00
Node_Dem_ClearBellFarm,Demeniss,farm,Clear Bell Farm,,-8101.00,514.00,-2996.00
Node_Dem_GreenfieldFarm,Demeniss,farm,Greenfield Farm,그린필드 농장,-8502.00,522.00,-3038.00
Node_Dem_StonewellFarm,Demeniss,farm,Stonewell Farm,스톤웰 농장,-9237.00,644.00,-2734.00
Node_Dem_CowbellRanch,Demeniss,ranch,Cowbell Ranch,카우벨 목장,-8274.00,524.00,-2878.00
Node_Dem_BrookfieldManor_Elemore,Demeniss,manor,Brookfield Manor Elemore,,486.00,490.00,492.00
Node_Dem_HayroofFarm,Demeniss,farm,Hayroof Farm,헤이루프 농장,-6794.00,545.00,-2509.00
Node_Dem_JoyfairMarketplace,Demeniss,market,Joyfair Marketplace,,-6938.00,479.00,-3023.00
Node_Dem_JoyfairMarketplace_Food_Trader,Demeniss,trade,Joyfair Marketplace Food Trader,,-6850.00,482.00,-2972.00
Node_Dem_SlopeseedFarm,Demeniss,farm,Slopeseed Farm,슬로프시드 농장,-7576.00,510.00,-3339.00
Node_Dem_WhitemillFarm,Demeniss,farm,Whitemill Farm,화이트밀 농장,-7018.00,538.00,-2686.00
Node_Dem_SundellFarm,Demeniss,farm,Sundell Farm,썬델 농장,-7890.00,523.00,-3132.00
Node_Dem_SunharvestFarm,Demeniss,farm,Sunharvest Farm,썬하베스트 농장,-7334.00,495.00,-2986.00
Node_Dem_SeedrowFarm,Demeniss,farm,Seedrow Farm,시드로우 농장,-7368.00,517.00,-2784.00
Node_Dem_CattlefoldRanch,Demeniss,ranch,Cattlefold Ranch,캐틀폴드 목장,-7882.00,522.00,-2956.00
Node_Dem_GreenpondFarm,Demeniss,farm,Greenpond Farm,그린폰드 농장,-7260.00,542.00,-2628.00
Node_Dem_SunsetDyehouse,Demeniss,house,Sunset Dyehouse,선셋 염색 공방,-7543.00,512.00,-3119.00
Node_Dem_StronghoofHorseGearMaker,Demeniss,poi,Stronghoof Horse Gear Maker,,-7592.00,518.00,-2809.00
Node_Dem_VinewoodWinery,Demeniss,poi,Vinewood Winery,바인우드 양조장,-7134.00,472.00,-3109.00
Node_Dem_IronbarrelWeaponFactory,Demeniss,workshop,Ironbarrel Weapon Factory,,-6978.00,457.00,-3363.00
Node_Dem_BulwarkWeaponFactory,Demeniss,workshop,Bulwark Weapon Factory,,-6772.00,454.00,-3316.00
Node_Dem_BulwarkWeaponFactory_Mineral_Trader,Demeniss,mine,Bulwark Weapon Factory Mineral Trader,,-6777.00,454.00,-3349.00
Node_Dem_StronghelmFactory,Demeniss,workshop,Stronghelm Factory,,-6633.00,450.00,-3282.00
Node_Dem_WindmereManor_Byron,Demeniss,manor,Windmere Manor Byron,,4416.00,672.00,676.00
Node_Dem_HiddenEstate,Demeniss,monster_lair,Hidden Estate,,-8441.00,544.00,-2218.00
Node_Dem_BurnhandQuarry,Demeniss,poi,Burnhand Quarry,번핸드 채석장,-8707.00,513.00,-2490.00
Node_Dem_SpringdaleFarm,Demeniss,farm,Springdale Farm,스프링데일 농장,-7915.00,545.00,-2391.00
Node_Dem_GoldenHoofHorseRace,Demeniss,monster_lair,Golden Hoof Horse Race,,-7205.00,547.00,-2274.00
Node_Dem_HoneywoodBeeFarm,Demeniss,farm,Honeywood Bee Farm,,-8266.00,547.00,-2449.00
Node_Dem_RockedgeMill,Demeniss,landmark,Rockedge Mill,,-8154.00,561.00,-2246.00
Node_Dem_DemenissHorseMarket,Demeniss,market,Demeniss Horse Market,,-7615.00,527.00,-2605.00
Node_Dem_ReventineDigSite,Demeniss,poi,Reventine Dig Site,,-8901.00,603.00,-2248.00
Node_Dem_WheelsmithWagonFactory,Demeniss,workshop,Wheelsmith Wagon Factory,,-8236.00,518.00,-2750.00
Node_Dem_SwiftStables,Demeniss,poi,Swift Stables,,-7438.00,537.00,-2530.00
Node_Dem_Moonlake,Demeniss,water,Moonlake,,-8621.00,542.00,-2117.00
Node_Dem_HiddenGroveRanch,Demeniss,ranch,Hidden Grove Ranch,히든그로브 목장,-7898.00,528.00,-2680.00
Node_Dem_HiddenGroveRanch_Timber_Trader,Demeniss,ranch,Hidden Grove Ranch Timber Trader,,-7891.00,530.00,-2690.00
Node_Dem_NorthOutpost,Demeniss,outpost,North Outpost,,-7635.00,542.00,-2319.00
Node_Dem_ThornRoseFort,Demeniss,fort,Thorn Rose Fort,,1704.00,1712.00,1848.00
Node_Dem_ThornRoseGuardPost,Demeniss,poi,Thorn Rose Guard Post,,-8748.00,508.00,-5444.00
Node_Dem_ThornRoseSouthGate,Demeniss,gate,Thorn Rose South Gate,,-8492.55,537.60,-6013.43
Node_Dem_ThornRoseFoodStorage,Demeniss,storage,Thorn Rose Food Storage,,-8509.00,543.00,-5613.00
Node_Dem_ThornRoseOutpost,Demeniss,outpost,Thorn Rose Outpost,,-8592.00,552.00,-5714.00
Node_Dem_ThornRoseNorthGate,Demeniss,gate,Thorn Rose North Gate,,-8617.00,496.00,-5375.00
Node_Dem_ThornRoseRiversidePost,Demeniss,water,Thorn Rose Riverside Post,,-8459.00,458.00,-5255.00
Node_Dem_MoonRiverExpeditionCamp,Demeniss,camp,Moon River Expedition Camp,,-8318.00,449.00,-5290.00
Node_Dem_NightExpeditionCamp,Demeniss,camp,Night Expedition Camp,,-8069.00,450.00,-5498.00
Node_Dem_ThornRoseSuppliesStorageCentral,Demeniss,storage,Thorn Rose Supplies Storage Central,,-8325.00,568.00,-5706.00
Node_Dem_ThornRoseSuppliesStorageNorth,Demeniss,storage,Thorn Rose Supplies Storage North,,-8539.00,532.00,-5432.00
Node_Dem_IronStronghold,Demeniss,stronghold,Iron Stronghold,,1648.00,1656.00,1672.00
Node_Dem_TombstoneWorkshop,Demeniss,workshop,Tombstone Workshop,,-8225.00,494.00,-4539.00
Node_Dem_IronwoodPottery,Demeniss,poi,Ironwood Pottery,아이언우드 토기 공방,-8361.00,451.00,-4724.00
Node_Dem_IronwoodFarm,Demeniss,farm,Ironwood Farm,아이언우드 농장,-8573.00,465.00,-4747.00
Node_Dem_IronwoodFarmhouse,Demeniss,farm,Ironwood Farmhouse,아이언우드 농가,-8355.00,459.00,-4805.00
Node_Dem_BloodsteelCamp,Demeniss,camp,Bloodsteel Camp,블러드스틸 캠프,-8921.00,627.00,-5946.00
Node_Dem_BloodsteelNorthGate,Demeniss,gate,Bloodsteel North Gate,블러드스틸 북문,-9146.00,565.00,-5707.00
Node_Dem_BloodsteelSouthGate,Demeniss,gate,Bloodsteel South Gate,블러드스틸 남문,-8910.00,573.00,-6088.00
Node_Dem_TarivVillage,Demeniss,village,Tariv Village,,-8208.00,556.00,-1655.00
Node_Dem_HexeSanctuary,Demeniss,poi,Hexe Sanctuary,헥세 성역,1160.00,1064.00,1088.00
Node_Dem_HollowHaven,Demeniss,landmark,Hollow Haven,공허한 안식처,-7940.00,558.00,-1643.00
Node_Dem_UrnGrave,Demeniss,tomb,Urn Grave,,-7899.00,605.00,-1465.00
Node_Dem_ForgottenTomb,Demeniss,tomb,Forgotten Tomb,잊혀진 무덤,-7886.00,561.00,-1581.00
Node_Dem_SulfurSprings,Demeniss,water,Sulfur Springs,,-8041.00,555.00,-1544.00
Node_Dem_SulfurLake_WatchTower,Demeniss,tower,Sulfur Lake Watch Tower,,-7593.00,677.00,-1591.00
Node_Dem_TruthGate,Demeniss,gate,Truth Gate,,1248.00,1256.00,1264.00
Node_Dem_RoofRock,Demeniss,landmark,Roof Rock,,-8893.00,701.00,-1626.00
Node_Dem_TalkingRock,Demeniss,landmark,Talking Rock,,-8908.00,696.00,-1749.00
Node_Dem_SurpriseRock,Demeniss,landmark,Surprise Rock,,-8618.00,634.00,-1492.00
Node_Dem_CryingRock,Demeniss,landmark,Crying Rock,,-8751.00,638.00,-1310.00
Node_Dem_ClockRock,Demeniss,landmark,Clock Rock,,-8506.00,611.00,-1727.00
Node_Dem_RootRock,Demeniss,landmark,Root Rock,뿌리바위,-8884.00,615.00,-2117.00
Node_Dem_CandleRock,Demeniss,landmark,Candle Rock,,-9146.00,725.00,-1961.00
Node_Dem_SilvermoonHQ,Demeniss,poi,Silvermoon HQ,,1616.00,1624.00,1632.00
Node_Dem_HuntersCabin,Demeniss,house,Hunter's Cabin,사냥꾼의 오두막,-6766.00,406.00,-3832.00
Node_Dem_SmugglersDock,Demeniss,harbor,Smugglers' Dock,밀수꾼의 항구,-7252.00,402.00,-3855.00
Node_Dem_OakBarrelWineMaker,Demeniss,poi,Oak Barrel Wine Maker,,-6802.00,437.00,-3587.00
Node_Dem_SilvermoonTroll_Trader_Demeniss,Demeniss,trade,Silvermoon Troll Trader Demeniss,,-6992.00,360.00,-3880.00
Node_Dem_DemenissCathedral,Demeniss,poi,Demeniss Cathedral,,716.00,720.00,724.00
Node_Dem_EastDemenissChurch,Demeniss,shrine,East Demeniss Church,데메니스 동쪽 성당,-6840.00,474.00,-3097.00
Node_Dem_WestDemenissChurch,Demeniss,shrine,West Demeniss Church,데메니스 서쪽 성당,-8413.00,526.00,-2774.00
Node_Dem_DemenissOrphanage,Demeniss,poi,Demeniss Orphanage,데메니스 고아원,-8412.00,536.00,-2639.00
Node_Dem_ReventineMonastery,Demeniss,poi,Reventine Monastery,리벤타인 수도원,-9424.00,616.00,-2990.00
Node_Dem_ReventineWinery,Demeniss,poi,Reventine Winery,리벤타인 양조장,-9468.00,616.00,-2997.00
Node_Del_DelesyiaChurch,Delesyia,shrine,Delesyia Church,델레시아 성당,-4363.00,396.00,-3891.00
Node_Dem_JijeongTemple,Demeniss,shrine,Jijeong Temple,지정사,780.00,920.00,936.00
Node_Dem_Seonangdang,Demeniss,poi,Seonangdang,서낭당,-7174.00,418.00,-4429.00
Node_Dem_JijeongGrotto,Demeniss,poi,Jijeong Grotto,지정암,-7518.00,455.00,-4603.00
Node_Dem_BambooForest,Demeniss,forest,Bamboo Forest,대나무숲,-7275.00,423.00,-4445.00
Node_Dem_JiJeongRock,Demeniss,landmark,Jijeong Rock,지정바위,-7219.00,520.00,-4606.00
Node_Dem_HiddenCave,Demeniss,cave,Hidden Cave,숨겨진 동굴,-7392.00,432.00,-4663.00
Node_Dem_GrayRockShipyard,Demeniss,landmark,Gray Rock Shipyard,,-9420.00,652.00,-2116.00
Node_Dem_GrayRockQuarry,Demeniss,landmark,Gray Rock Quarry,,-9279.00,668.00,-2120.00
Node_Del_DelesyiaCastle,Delesyia,castle,Delesyia Castle,델레시아 성,-4402.57,435.12,-3807.91
Node_Del_PortDelesyia,Delesyia,harbor,Port Delesyia,델레시아 항구,-4257.00,357.00,-4016.00
Node_Del_RoyalSupply_Delesyia,Delesyia,storage,Royal Supply Delesyia,,-4281.00,353.00,-4057.00
Node_Del_DelesyiaNorthGate,Delesyia,gate,Delesyia North Gate,,-5539.00,477.00,-3847.00
Node_Del_DelesyiaBeacon,Delesyia,beacon,Delesyia Beacon,델레시아 봉화대,-3870.00,557.00,-5519.00
Node_Del_DelesyiaSouthGate,Delesyia,gate,Delesyia South Gate,델레시아 남문,-5160.00,398.00,-4760.00
Node_Del_Abyss_Ruins,Delesyia,ruins,Abyss Ruins,,-3769.00,426.00,-4889.00
Node_Del_MarniWorkshop,Delesyia,workshop,Marni Workshop,,124.50,125.00,126.00
Node_Del_SaltMine,Delesyia,mine,Salt Mine,소금 광산,-4256.00,456.00,-5413.00
Node_Del_MarniCliffSecretBase,Delesyia,landmark,Marni Cliff Secret Base,,-4335.00,351.00,-5584.00
Node_Del_MarniWorkshopEastGate,Delesyia,gate,Marni Workshop East Gate,,-3665.00,424.00,-5823.00
Node_Del_MarniWorkshopNorthEastGate,Delesyia,gate,Marni Workshop North East Gate,,-3768.00,483.00,-5638.00
Node_Del_MarniWorkshopFoodStorage,Delesyia,workshop,Marni Workshop Food Storage,,-3990.00,473.00,-5849.00
Node_Del_MarniWorkshopSaltStorage,Delesyia,workshop,Marni Workshop Salt Storage,,-4251.00,454.00,-5432.00
Node_Del_MarniWorkshopLogisticsWarehouse,Delesyia,workshop,Marni Workshop Logistics Warehouse,,-3775.00,448.00,-5818.00
Node_Del_DelesyianInstitute,Delesyia,laboratory,Delesyian Institute,,-4398.00,383.00,-3941.00
Node_Del_MarniPark,Delesyia,poi,Marni Park,마르니 공원,-4567.00,393.00,-4416.00
Node_Del_StonemireRuins,Delesyia,ruins,Stonemire Ruins,스톤마이어 유적지,-4803.00,386.00,-4559.00
Node_Del_HawkstoneRuins,Delesyia,ruins,Hawkstone Ruins,호크스톤 유적,-4373.00,391.00,-4399.00
Node_Del_MarniMuseum,Delesyia,laboratory,Marni Museum,,-4591.00,396.00,-4563.00
Node_Del_StarVillage,Delesyia,village,Star Village,,-5109.00,386.00,-4311.00
Node_Del_StarVillageDigSite,Delesyia,village,Star Village Dig Site,,-5097.00,393.00,-4579.00
Node_Del_SilverbrookRuins,Delesyia,ruins,Silverbrook Ruins,실버브룩 폐허,-5289.00,393.00,-4037.00
Node_Del_FullharvestFarm,Delesyia,farm,Fullharvest Farm,풀하베스트 농장,-4952.00,386.00,-4285.00
Node_Del_RedWindTradingAssociation_Trader_Delesyia,Delesyia,trade,Red Wind Trading Association Trader Delesyia,,-4962.00,383.00,-4241.00
Node_Del_Timberton,Delesyia,poi,Timberton,목 좋은 마을,-4721.00,377.00,-4223.00
Node_Del_DelesyiaDyehouse,Delesyia,house,Delesyia Dyehouse,델레시아 염색장,-4734.00,385.00,-4047.00
Node_Del_FinholdNetmakers,Delesyia,poi,Finhold Netmakers,핀홀드 그물 제작소,-4432.00,378.00,-4220.00
Node_Del_ElderglenPlantation,Delesyia,farm,Elderglen Plantation,엘더글렌 농업단지,-4649.00,384.00,-4159.00
Node_Del_SweetbloomPlantation,Delesyia,farm,Sweetbloom Plantation,스위트블룸 농업단지,-4597.00,384.00,-4151.00
Node_Neut_GorthakIronMaker,Neutral,poi,Gorthak Iron Maker,,108.50,109.00,109.50
Node_Neut_GorthakLoggingCamp,Neutral,camp,Gorthak Logging Camp,고르탁 벌목장,-6012.00,447.00,-4375.00
Node_Neut_GorthakStorage,Neutral,storage,Gorthak Storage,,-5696.00,543.00,-4042.00
Node_Neut_ZarganTankFactory,Neutral,workshop,Zargan Tank Factory,,-6458.00,433.00,-4095.00
Node_Neut_GrunlOutpost,Neutral,outpost,Grunl Outpost,,-6203.00,495.00,-3906.00
Node_Neut_EMPArtilery_I,Neutral,military,EMPArtilery I,,-5977.00,516.00,-4154.00
Node_Neut_KrallFoundry,Neutral,poi,Krall Foundry,크랄 주조소,-5860.00,562.00,-4064.00
Node_Neut_YulgarBeacon,Neutral,beacon,Yulgar Beacon,율가르 봉화대,-5679.00,552.00,-4138.00
Node_Neut_BragokShipFactory,Neutral,workshop,Bragok Ship Factory,,-6064.00,439.00,-3702.00
Node_Neut_GorthakMushroomFarm,Neutral,farm,Gorthak Mushroom Farm,,-5725.00,514.00,-4352.00
Node_Neut_Delpheon,Neutral,poi,Delpheon,,1488.00,1528.00,852.00
Node_Neut_DelpheonWestCamp,Neutral,camp,Delpheon West Camp,,-6661.00,423.00,-3677.00
Node_Neut_DelpheonNorthCamp,Neutral,camp,Delpheon North Camp,,-6611.00,453.00,-3546.00
Node_Neut_FreeswordHouse,Neutral,house,Freesword House,,-6539.00,442.00,-3446.00
Node_Del_DewhavenCastle,Delesyia,castle,Dewhaven Castle,,118.50,119.00,119.50
Node_Del_WindroseFarm,Delesyia,farm,Windrose Farm,윈드로즈 농장,-5525.00,518.00,-5098.00
Node_Del_StonewardPort,Delesyia,harbor,Stoneward Port,,-5228.00,355.00,-5325.00
Node_Del_SilvermoonTroll_Trader_Delesyia,Delesyia,trade,Silvermoon Troll Trader Delesyia,,-5355.00,350.00,-5303.00
Node_Del_DewhavenEastGate,Delesyia,gate,Dewhaven East Gate,듀헤이븐 동문,-5232.00,406.00,-4856.00
Node_Del_DewhavenNorthGate,Delesyia,gate,Dewhaven North Gate,듀헤이븐 북문,-5980.00,463.00,-4508.00
Node_Del_SteelspikeWeaponStorage,Delesyia,storage,Steelspike Weapon Storage,,-5650.00,474.00,-4714.00
Node_Del_RustfieldScrapyard,Delesyia,poi,Rustfield Scrapyard,러스트필드 폐철처리장,-5990.00,457.00,-4715.00
Node_Del_DewhavenLoggingCamp,Delesyia,camp,Dewhaven Logging Camp,듀헤이븐 벌목장,-6563.00,411.00,-4582.00
Node_Del_StonewardCastleRuins,Delesyia,castle,Stoneward Castle Ruins,스톤워드 폐성터,-5188.00,504.00,-5094.00
Node_Del_MistwoodLake,Delesyia,water,Mistwood Lake,,-5962.00,525.00,-4963.00
Node_Del_WindCliffFort,Delesyia,fort,Wind Cliff Fort,,115.50,116.50,116.00
Node_Del_AbandonedWyvernNest,Delesyia,monster_lair,Abandoned Wyvern Nest,,-6726.00,521.00,-5356.00
Node_Del_DesolateWyvernNest,Delesyia,monster_lair,Desolate Wyvern Nest,적막한 와이번 둥지,-6794.00,503.00,-5574.00
Node_Del_ForsakenWyvernNest,Delesyia,monster_lair,Forsaken Wyvern Nest,황량한 와이번 둥지,-6844.00,526.00,-5466.00
Node_Del_ForgottenWyvernNest,Delesyia,monster_lair,Forgotten Wyvern Nest,잊혀진 와이번 둥지,-6547.00,510.00,-5501.00
Node_Del_RedfoxTradePost,Delesyia,trade,Redfox Trade Post,,-4677.00,415.00,-3185.00
Node_Del_CornfieldFarm,Delesyia,farm,Cornfield Farm,,-4860.00,404.00,-3067.00
Node_Del_StonebackCrabWetlands,Delesyia,poi,Stoneback Crab Wetlands,돌멘게 늪지,-4728.00,403.00,-2914.00
Node_Del_RivershackPier,Delesyia,harbor,Rivershack Pier,,-4838.00,352.00,-3488.00
Node_Del_FishersRest,Delesyia,poi,Fishers Rest,,-4377.00,355.00,-3226.00
Node_Del_SnakeTemple,Delesyia,shrine,Snake Temple,,-7083.00,442.00,-5751.00
Node_Del_SpearBigRock,Delesyia,landmark,Spear Big Rock,,-7063.00,461.00,-5829.00
Node_Del_DaggerBigRock,Delesyia,landmark,Dagger Big Rock,,-7138.00,488.00,-5549.00
Node_Del_ArrowBigRock,Delesyia,landmark,Arrow Big Rock,,-7088.00,490.00,-5304.00
Node_Del_MarniOilRig,Delesyia,poi,Marni Oil Rig,,-2975.00,379.00,-4122.00
Node_Neut_GoldenGoblinWineMaker,Neutral,monster_lair,Golden Goblin Wine Maker,,-5621.00,539.00,-2622.00
Node_Neut_CacaoFarm,Neutral,farm,Cacao Farm,카카오밭,-5527.00,544.00,-2618.00
Node_Neut_BrewingFacility,Neutral,poi,Brewing Facility,양조시설,-5603.00,538.00,-2592.00
Node_Neut_WineTradePost,Neutral,trade,Wine Trade Post,,-5656.00,467.00,-2760.00
Node_Crim_TimewornRuinss_Station,Crimson,ruins,Timeworn Ruinss Station,,-4541.00,595.00,-1037.00
Node_Crim_Rockshard_Mountain_Station,Crimson,station,Rockshard Mountain Station,,-5141.00,674.00,-460.00
Node_Crim_Lonely_Desert_Station_I,Crimson,station,Lonely Desert Station I,,-5435.00,675.00,-682.00
Node_Crim_DuskwayCamp_Station,Crimson,camp,Duskway Camp Station,,-4931.00,577.00,-1510.00
Node_Del_Chattering_Forest_Station,Delesyia,station,Chattering Forest Station,,-5153.00,398.00,-3941.00
Node_Del_Eastern_Hills_Station,Delesyia,station,Eastern Hills Station,,-5223.00,402.00,-4604.00
Node_Crim_Crimson_Mountains_Station,Crimson,station,Crimson Mountains Station,,-5935.00,686.00,-515.00
Node_Del_LoggingCampTransferStation,Delesyia,camp,Logging Camp Transfer Station,,-5920.00,464.00,-4620.00
Node_Del_NeutralZoneStation,Delesyia,station,Neutral Zone Station,,-5939.00,452.00,-4376.00
Node_Del_Beardtree_Swamp_Station,Delesyia,station,Beardtree Swamp Station,,-4796.00,413.00,-3024.00
Node_Del_Drywind_Valley_Station,Delesyia,station,Drywind Valley Station,,-5256.00,445.00,-2668.00
Node_Del_Sandshift_Basin_Station,Delesyia,station,Sandshift Basin Station,,-4540.00,638.00,-728.00
Node_Crim_Lonely_Desert_Station_II,Crimson,station,Lonely Desert Station II,,-5411.00,676.00,-144.00
Node_Del_MechaloopStation,Delesyia,station,Mechaloop Station,,-4432.00,389.00,-4303.00
Node_Del_GoldleafGuildhouse_Trader_Delesyia,Delesyia,trade,Goldleaf Guildhouse Trader Delesyia,,-4395.00,385.00,-4272.00
Node_Del_MarniLab,Delesyia,laboratory,Marni Lab,,133.00,134.00,135.00
Node_Del_MarniLabGate,Delesyia,gate,Marni Lab Gate,,-3458.00,364.00,-4833.00
Node_Del_LabWatchtower,Delesyia,tower,Lab Watchtower,,-3256.00,450.00,-4646.00
Node_Del_ExperimentFacility,Delesyia,laboratory,Experiment Facility,실험체 수용소,-3193.00,394.00,-4749.00
Node_Del_MarniMechFactory,Delesyia,workshop,Marni Mech Factory,,155.00,156.00,157.00
Node_Del_WestOutpost,Delesyia,outpost,West Outpost,,-4668.00,417.00,-4828.00
Node_Del_NorthOutpost,Delesyia,outpost,North Outpost,,-4455.00,411.00,-4805.00
Node_Del_EastOutpost,Delesyia,outpost,East Outpost,,-4324.00,418.00,-4810.00
Node_Del_Watchtower_I,Delesyia,tower,Watchtower I,,-4236.00,391.00,-4593.00
Node_Del_MarniAirLab,Delesyia,laboratory,Marni Air Lab,,-3446.00,418.00,-5816.00
Node_Del_ResearchBasePipe,Delesyia,research,Research Base Pipe,,-3415.00,443.00,-5549.00
Node_Del_SecretBaseFuelPipe,Delesyia,secret,Secret Base Fuel Pipe,,-3195.00,407.00,-5285.00
Node_Del_ValvegardWallFort,Delesyia,fort,Valvegard Wall Fort,,150.00,151.00,152.00
Node_Del_WallFortDrainagePipes,Delesyia,fort,Wall Fort Drainage Pipes,,-4748.00,350.00,-5494.00
Node_Del_WallFortConverter,Delesyia,fort,Wall Fort Converter,,-4762.00,437.00,-5368.00
Node_Del_ReceivingStationOne,Delesyia,station,Receiving Station One,,-4740.00,523.00,-5195.00
Node_Del_ReceivingStationTwo,Delesyia,station,Receiving Station Two,,-4636.00,515.00,-5231.00
Node_Neut_MarnisOutpost,Neutral,outpost,Marni's Outpost,마르니 전초기지,-5404.00,392.00,-3372.00
Node_Neut_SolonVillageRuins,Neutral,village,Solon Village Ruins,,-5581.00,409.00,-3228.00
Node_Neut_SolonTownHallRuins,Neutral,ruins,Solon Town Hall Ruins,,-5493.00,422.00,-3133.00
Node_Neut_NeutralZoneGate,Neutral,gate,Neutral Zone Gate,,-5544.00,439.00,-3591.00
Node_Del_BenusThiefCamp,Delesyia,camp,Benus Thief Camp,,-3674.00,464.00,-5372.00
Node_Del_StonecliffRuins,Delesyia,ruins,Stonecliff Ruins,,-4733.00,432.00,-2777.00
Node_Del_SwampRuins,Delesyia,ruins,Swamp Ruins,늪지 폐허,-4652.00,396.00,-2853.00
Node_Kwe_Pailune,Kweiden,poi,Pailune,페일룬,207.00,208.00,211.00
Node_Kwe_PailuneEastGate,Kweiden,gate,Pailune East Gate,페일룬 동문,-9555.00,618.00,-809.00
Node_Kwe_PailuneSouthGate,Kweiden,gate,Pailune South Gate,페일룬 남문,-9959.00,644.00,-1356.00
Node_Kwe_Watergate,Kweiden,gate,Watergate,,-9591.00,620.00,-618.00
Node_Kwe_PailuneBeacon,Kweiden,beacon,Pailune Beacon,페일룬 봉화대,-10088.00,768.00,-645.00
Node_Kwe_SequoiaForest,Kweiden,forest,Sequoia Forest,세쿼이아 숲,-9886.00,714.00,-942.00
Node_Kwe_PailuneSecretSafe,Kweiden,secret,Pailune Secret Safe,,-10365.00,721.00,835.00
Node_Kwe_ValgrindTomb,Kweiden,tomb,Valgrind Tomb,발그라인드 무덤,-9711.00,667.00,472.00
Node_Kwe_PailuneCouncil,Kweiden,poi,Pailune Council,페일룬 의회,-9648.00,661.00,206.00
Node_Kwe_PailuneHospital,Kweiden,poi,Pailune Hospital,,-9836.00,649.00,131.00
Node_Kwe_PailuneBarracks,Kweiden,military,Pailune Barracks,페일룬 병영,-9716.00,664.00,298.00
Node_Kwe_FortAskelundGate,Kweiden,fort,Fort Askelund Gate,아스케룬드 성채 관문,-11244.00,781.00,103.00
Node_Kwe_VatnhollFortress,Kweiden,fort,Vat'nholl Fortress,바튼홀 성채,-12258.00,730.00,-840.00
Node_Kwe_CampBjornlund,Kweiden,camp,Camp Bjornlund,비요른룬드 캠프,-11707.00,699.00,-1234.00
Node_Kwe_SteinnfellFortress,Kweiden,fort,Steinnfell Fortress,스타인펠 성채,1296.00,616.00,386.00
Node_Kwe_SteinnfellFortress_Gate,Kweiden,fort,Steinnfell Fortress Gate,스타인펠 성채 관문,-11148.00,792.00,-1285.00
Node_Kwe_SteinnfellBarracks,Kweiden,inn,Steinnfell Barracks,스타인펠 막사,-11055.00,789.00,-1378.00
Node_Kwe_TrovakCamp,Kweiden,camp,Trovak Camp,트로바크 캠프,-11029.00,686.00,-1829.00
Node_Kwe_PailuneCampsite,Kweiden,camp,Pailune Campsite,,-9885.00,662.00,238.00
Node_Kwe_DoubleStepPass,Kweiden,landmark,Double Step Pass,,-9770.00,641.00,-1183.00
Node_Kwe_RidgePath,Kweiden,poi,Ridge Path,,-10154.00,648.00,-1158.00
Node_Kwe_WildhuntCamp,Kweiden,camp,Wildhunt Camp,,-10536.00,690.00,911.00
Node_Kwe_Brokenford,Kweiden,poi,Brokenford,,-9604.00,622.00,-477.00
Node_Kwe_BeighenVillage,Kweiden,village,Beighen Village,,488.00,496.00,2496.00
Node_Kwe_BeighenCandlery,Kweiden,poi,Beighen Candlery,베이겐 양초 공방,-9379.00,616.00,-846.00
Node_Kwe_BeighenBasketMaker,Kweiden,poi,Beighen Basket Maker,,-9447.00,619.00,-1091.00
Node_Kwe_BlackwallFord,Kweiden,poi,Blackwall Ford,,-9178.30,616.99,-809.53
Node_Dem_EyeOfIceAltar,Demeniss,shrine,Eye Of Ice Altar,,-8380.00,653.00,-838.00
Node_Dem_FrostFort,Demeniss,fort,Frost Fort,,-8626.00,643.00,-1169.00
Node_Dem_FrostholdEntrance,Demeniss,monster_lair,Frosthold Entrance,서리요새 입구,-8666.00,638.00,-1291.00
Node_Dem_FrostholdPass,Demeniss,landmark,Frosthold Pass,서리요새 고개,-8655.00,643.00,-1028.00
Node_Kwe_SkoghornVillage,Kweiden,village,Skoghorn Village,,242.00,243.00,244.00
Node_Kwe_QuietSnowShelter,Kweiden,poi,Quiet Snow Shelter,,-12759.00,940.00,-280.00
Node_Kwe_SkoghornWharf,Kweiden,poi,Skoghorn Wharf,,-12287.00,704.00,-230.00
Node_Kwe_SkoghornRanch,Kweiden,ranch,Skoghorn Ranch,스코그혼 목장,-12058.00,708.00,-301.00
Node_Kwe_SkoghornFarm,Kweiden,farm,Skoghorn Farm,스코그혼 농장,-12136.00,702.00,-439.00
Node_Kwe_LongleafTreeVillage,Kweiden,village,Longleaf Tree Village,,436.00,440.00,442.00
Node_Kwe_LongbranchVillage,Kweiden,village,Longbranch Village,,-11285.00,725.00,816.00
Node_Kwe_LongrootsVillage,Kweiden,village,Longroots Village,,-11348.00,791.00,331.00
Node_Kwe_RidgehunterLeatherMaker,Kweiden,poi,Ridgehunter Leather Maker,,-11488.00,722.00,-406.00
Node_Kwe_SvinholtRanch,Kweiden,ranch,Svinholt Ranch,스빈홀트 목장,-10106.00,749.00,813.00
Node_Kwe_HorpbothHarpoonery,Kweiden,poi,Horpboth Harpoonery,,-9993.00,655.00,1147.00
Node_Kwe_WolfsnareTrapsmith,Kweiden,poi,Wolfsnare Trapsmith,울프스네어 덫 제작소,-10151.00,748.00,757.00
Node_Kwe_SkallcoveVillage,Kweiden,village,Skallcove Village,,-9594.00,641.00,797.00
Node_Kwe_TotemfeltVillage,Kweiden,village,Totemfelt Village,,-9758.00,670.00,535.00
Node_Kwe_VannsteinLake,Kweiden,water,Vannstein Lake,반스타인 호수,-9948.00,661.00,573.00
Node_Kwe_WindsongMountain,Kweiden,poi,Windsong Mountain,,-9214.00,789.00,1197.00
Node_Kwe_DangsanTree,Kweiden,poi,Dangsan Tree,당산나무,-9508.00,642.00,903.00
Node_Kwe_OdeckVillage,Kweiden,village,Odeck Village,,340.00,342.00,344.00
Node_Kwe_OdeckPier,Kweiden,harbor,Odeck Pier,오데크 나루터,-10663.00,658.00,1103.00
Node_Kwe_BolviorRuins,Kweiden,ruins,Bolvior Ruins,,-10801.00,690.00,1342.00
Node_Kwe_VerheimRuins,Kweiden,ruins,Verheim Ruins,베르하임 폐허,-11174.00,682.00,1016.00
Node_Kwe_BolsteinnRuins,Kweiden,ruins,Bolsteinn Ruins,,-10743.00,716.00,842.00
Node_Kwe_StjarRuins,Kweiden,ruins,Stjar Ruins,스티야르 폐허,-10948.00,691.00,926.00
Node_Kwe_KnytlingarRuins,Kweiden,ruins,Knytlingar Ruins,니틴가르 폐허,-11144.00,684.00,1447.00
Node_Kwe_OdeckWaterGate,Kweiden,gate,Odeck Water Gate,,-10839.00,665.00,1217.00
Node_Kwe_GeneralTomb,Kweiden,tomb,General Tomb,,-11782.00,791.00,1016.00
Node_Kwe_AshclawKeep,Kweiden,poi,Ashclaw Keep,애쉬클로 보루,604.00,608.00,612.00
Node_Kwe_AshclawOutpost,Kweiden,outpost,Ashclaw Outpost,애쉬클로 전진기지,-10307.00,811.00,357.00
Node_Kwe_AshclawGate,Kweiden,gate,Ashclaw Gate,애쉬클로 관문,-10391.00,854.00,268.00
Node_Kwe_AshclawSlaveCamp,Kweiden,camp,Ashclaw Slave Camp,애쉬클로 노예 수용소,-10524.00,919.00,218.00
Node_Kwe_HarpyNest,Kweiden,monster_lair,Harpy Nest,하피의 둥지,-10958.00,1043.00,-461.00
Node_Kwe_DestructionTower,Kweiden,tower,Destruction Tower,,-11647.00,797.00,115.00
Node_Kwe_WhistleLeafFort,Kweiden,fort,Whistle Leaf Fort,,-11572.00,805.00,636.00
Node_Crim_Tashkalp,Crimson,poi,Tashkalp,타슈칼프,3696.00,3712.00,3200.00
Node_Crim_GoldleafGuildhouse_Trader_Tashkalp,Crimson,trade,Goldleaf Guildhouse Trader Tashkalp,,-6135.00,576.00,-1012.00
Node_Crim_WatermelonFarm,Crimson,farm,Watermelon Farm,,-6176.00,576.00,-1066.00
Node_Crim_TashkalpBeacon,Crimson,beacon,Tashkalp Beacon,,-4917.14,677.18,-1350.75
Node_Crim_RightEyeWatchtower,Crimson,tower,Right Eye Watchtower,오른눈 감시탑,-5947.00,547.00,-1318.00
Node_Crim_LeftEyeWatchtower,Crimson,tower,Left Eye Watchtower,왼눈 감시탑,-6263.00,550.00,-1377.00
Node_Crim_BoneArena,Crimson,arena,Bone Arena,,-6123.00,625.00,-844.00
Node_Crim_DuskwayCamp,Crimson,camp,Duskway Camp,황혼길 캠프,-4994.00,578.00,-1454.00
Node_Crim_TashkalpCrossroadsStation,Crimson,station,Tashkalp Crossroads Station,,-6096.00,665.00,-729.00
Node_Crim_CaledoraVillage,Crimson,village,Caledora Village,,-6280.00,639.00,-834.00
Node_Crim_RedRockFarm,Crimson,farm,Redrock Farm,붉은바위 농장,-5949.00,574.00,-1056.00
Node_Crim_Varnia,Crimson,poi,Varnia,바르니아,-3743.07,718.55,3404.29
Node_Crim_TheAlabasterBridge,Crimson,bridge,The Alabaster Bridge,,-4137.00,603.00,3319.00
Node_Crim_Yakchal,Crimson,poi,Yakchal,,-3527.00,655.00,3461.00
Node_Crim_VarniaTradePost,Crimson,trade,Varnia Trade Post,,-3606.00,654.00,3557.00
Node_Crim_RoyalSupply_Varnia,Crimson,storage,Royal Supply Varnia,,-3606.00,652.00,3558.00
Node_Crim_VarniaSaltroadCamp,Crimson,camp,Varnia Saltroad Camp,바르니아 소금길 캠프 - 짐 이동,-4464.00,648.00,2329.00
Node_Crim_RedWindTradingAssociation_Trader_VarniaSaltroadCamp,Crimson,camp,Red Wind Trading Association Trader Varnia Saltroad Camp,,-4464.00,648.00,2329.00
Node_Crim_Urdavah,Crimson,poi,Urdavah,우르다바,-6590.23,780.62,-188.16
Node_Crim_RockVillage,Crimson,village,Rock Village,,101.50,102.00,238.00
Node_Crim_DesertFreeswordCamp,Crimson,camp,Desert Freesword Camp,사막 방랑전사 캠프,-6055.00,504.00,-1809.00
Node_Crim_RiverstoneWatchtower,Crimson,tower,Riverstone Watchtower,물길바위 감시탑,-5411.00,515.00,-2126.00
Node_Crim_GorgerockWatchtower,Crimson,tower,Gorgerock Watchtower,계곡바위 감시탑,-5393.00,518.00,-1875.00
Node_Crim_CliffwalkWatchtower,Crimson,tower,Cliffwalk Watchtower,절벽길 감시탑,-5394.00,521.00,-1795.00
Node_Crim_RoadsideWatchtower,Crimson,tower,Roadside Watchtower,너른길목 감시탑,-5782.00,505.00,-2028.00
Node_Crim_RockVillageTradeStorage,Crimson,village,Rock Village Trade Storage,,-5687.00,493.00,-1825.00
Node_Crim_RedWindTradingAssociation_Trader_RockVillage,Crimson,village,Red Wind Trading Association Trader Rock Village,,-5687.00,491.00,-1825.00
Node_Crim_EnlightenShrine,Crimson,shrine,Enlighten Shrine,,792.00,77.00,143.00
Node_Crim_BurhumVillage,Crimson,village,Burhum Village,,-7480.00,644.00,-859.00
Node_Crim_DesertOasis,Crimson,oasis,Desert Oasis,,-8013.00,675.00,-621.00
Node_Crim_DesertOasis_Reflection,Crimson,oasis,Desert Oasis Reflection,,-7587.00,660.00,-892.00
Node_Crim_DesertOasis_Agony,Crimson,oasis,Desert Oasis Agony,,-7434.00,659.00,-936.00
Node_Crim_DesertOasis_Patience,Crimson,oasis,Desert Oasis Patience,,-7298.00,672.00,-826.00
Node_Crim_WhitesandPrayHouse,Crimson,house,Whitesand Pray House,,-3709.61,720.67,3360.64
Node_Crim_SaltroadTradePost,Crimson,trade,Saltroad Trade Post,,-6677.00,703.00,237.00
Node_Crim_SaltroadCamp,Crimson,camp,Saltroad Camp,소금길 캠프,-5574.00,701.00,871.00
Node_Crim_GoldleafGuildhouse_Trader_Urdavah,Crimson,trade,Goldleaf Guildhouse Trader Urdavah,,-6659.00,700.00,250.00
Node_Crim_HowlsandsCamp,Crimson,camp,Howlsands Camp,울부짖는 모래 캠프,-5014.00,695.00,885.00
Node_Crim_MuiquunVillage,Crimson,village,Muiquun Village,,-5241.00,582.00,-1516.00
Node_Crim_Watchtower_VIII,Crimson,tower,Watchtower VIII,,-5113.00,589.00,-1580.00
Node_Crim_Watchtower_VII,Crimson,tower,Watchtower VII,,-5450.00,601.00,-1439.00
Node_Crim_Ruins_0019,Crimson,ruins,Ruins 0019,,-5331.00,551.00,-1501.00
Node_Crim_HelmaraVillage,Crimson,village,Helmara Village,,740.00,744.00,748.00
Node_Crim_RedsandHelmhole,Crimson,monster_lair,Redsand Helmhole,붉은모래 투구굴,-5777.00,674.00,-718.00
Node_Crim_HotsandHelmhole,Crimson,monster_lair,Hotsand Helmhole,,-4965.00,666.00,-539.00
Node_Crim_BatiharVillage,Crimson,village,Batihar Village,,-5414.00,669.00,-550.00
Node_Crim_SuramahdBazaar,Crimson,market,Suramahd Bazaar,,-5808.00,676.00,-131.00
Node_Crim_StompsandFortRuins,Crimson,fort,Stompsand Fort Ruins,,-5129.00,517.00,-1716.00
Node_Crim_StompsandCamp,Crimson,camp,Stompsand Camp,,-5019.00,493.00,-1921.00
Node_Crim_FallenAbyss,Crimson,abyss_poi,Fallen Abyss,추락한 어비스,-6495.00,679.00,-776.00
Node_Crim_RedMountainFort,Crimson,fort,Red Mountain Fort,,808.00,816.00,812.00
Node_Crim_DawnMoonBase,Crimson,poi,Dawn Moon Base,,-5275.00,674.00,-803.00
Node_Crim_TimewornRuins,Crimson,ruins,Timeworn Ruins,세월의 유적,-4720.00,605.00,-1022.00
Node_Crim_RuinsExcavation,Crimson,ruins,Ruins Excavation,유적 발굴지,-4243.00,616.00,-809.00
Node_Crim_DesertWells,Crimson,water,Desert Wells,,-4176.00,669.00,-1156.00
Node_Crim_Watchtower_I,Crimson,tower,Watchtower I,,-5103.00,672.00,-1203.00
Node_Crim_FortManub,Crimson,fort,Fort Manub,마누브 요새,884.00,888.00,10752.01
Node_Crim_DuzharVillage,Crimson,village,Duzhar Village,,-5405.00,668.00,-863.00
Node_Crim_NahabVillage,Crimson,village,Nahab Village,,-5239.00,661.00,-1024.00
Node_Crim_Watchtower_V,Crimson,tower,Watchtower V,,-5584.00,656.00,-943.00
Node_Crim_DesolateStoneAltar,Crimson,shrine,Desolate Stone Altar,,-4535.00,661.00,177.00
Node_Crim_IsvatuFortress,Crimson,fort,Isvatu Fortress,,-6630.00,653.00,-1095.00
Node_Crim_Watchtower_VI,Crimson,tower,Watchtower VI,,-6689.00,635.00,-1128.00
Node_Crim_HyenaDen,Crimson,monster_lair,Hyena Den,하이에나 소굴,-5651.00,568.00,-1172.00
Node_Crim_FlowingSandVillage,Crimson,village,Flowing Sand Village,,-4209.00,681.00,-401.00
Node_Crim_SkinCollectorHideout,Crimson,monster_lair,Skin Collector Hideout,,-3725.00,568.00,-1223.00
Node_Crim_WildflowerSprings,Crimson,water,Wildflower Springs,,-3414.00,607.00,-836.00
Node_Crim_HangmanPass,Crimson,landmark,Hangman Pass,,-4215.00,602.00,-1459.00
Node_Crim_SandsweptRuins,Crimson,ruins,Sandswept Ruins,모래에 휩쓸린 폐허,-3795.00,591.00,-1082.00
Node_Crim_GiantTotem,Crimson,totem,Giant Totem,거대토템,-5067.00,491.00,-2024.00
Node_Crim_SkullstoneTotem,Crimson,totem,Skullstone Totem,두개골 토템,-5148.00,491.00,-2062.00
Node_Crim_FossilhornTotem,Crimson,totem,Fossilhorn Totem,화석뿔 토템,-5203.00,492.00,-1927.00
Node_Crim_ShadowdeepForest,Crimson,forest,Shadowdeep Forest,,-4715.00,560.00,-1588.00
Node_Crim_Watchtower_II,Crimson,tower,Watchtower II,,-4751.00,599.00,-1703.00
Node_Crim_Dig_Site_WatchTower,Crimson,tower,Dig Site Watch Tower,,-4411.00,570.00,-1602.00
Node_Crim_JungleScoutCamp,Crimson,camp,Jungle Scout Camp,,-4406.00,553.00,-1648.00
Node_Crim_GiantsYardForwardCamp,Crimson,camp,Giants Yard Forward Camp,,11008.00,900.00,4480.01
Node_Crim_Crimson_River_Cliff_WatchTower,Crimson,tower,Crimson River Cliff Watch Tower,,-4651.00,552.00,-2129.00
Node_Crim_KurmaniRedtree,Crimson,poi,Kurmani Redtree,,-4737.00,479.00,-2233.00
Node_Crim_ShadowcliffWatchCamp,Crimson,camp,Shadow Cliff Watch Camp,그림자 절벽 감시 캠프,-4597.00,523.00,-2255.00
Node_Crim_BursadaCastleRuins,Crimson,castle,Bursada Castle Ruins,부르사다 폐성터,-4398.00,482.00,-2301.00
Node_Crim_BursadaTempleRuins,Crimson,ruins,Bursada Temple Ruins,부르사다 사원터,-4452.00,464.00,-2377.00
Node_Crim_JungleEye_WatchTower,Crimson,tower,Jungle Eye Watch Tower,,-4397.00,553.00,-2082.00
Node_Crim_Emerald_Cliff_WatchTower,Crimson,tower,Emerald Cliff Watch Tower,,-4486.00,474.00,-2601.00
Node_Crim_GiantsYardReasearch_WatchTower,Crimson,tower,Giants Yard Reasearch Watch Tower,,-4822.00,457.00,-2622.00
Node_Crim_GiantsYardResearchSite,Crimson,research,Giants Yard Research Site,,-4843.00,445.00,-2712.00
Node_Crim_GiantsYardExtractionCamp,Crimson,camp,Giants Yard Extraction Camp,,-5051.00,451.00,-2534.00
Node_Crim_DryRiver,Crimson,water,Dry River,,-4896.00,442.00,-2580.00
Node_Her_SunsetVillage,Hernand,village,Sunset Village,,-11329.00,747.00,-7012.00
Node_Her_ReedField,Hernand,poi,Reed Field,,-11239.00,826.00,-6089.00
Node_Cal_HohenmarkRuins,Calphade,ruins,Hohenmark Ruins,,-12663.00,1030.00,-2907.00
Node_Her_IcemoorCastleRuins,Hernand,castle,Icemoor Castle Ruins,아이스무어 폐성터,-11961.00,998.00,-3188.00
Node_Her_Bloodstained_House,Hernand,house,Bloodstained House,,-10228.00,582.00,-4897.00
Node_Her_IsolatedCabin,Hernand,house,Isolated Cabin,,-12674.00,918.00,-3922.00
Node_Her_BridlefernFarm,Hernand,farm,Bridlefern Farm,,-9644.00,680.00,-2107.00
Node_Her_Saddlecap,Hernand,poi,Saddlecap,,-9586.00,692.00,-2223.00
Node_Her_StoneTowerVillage,Hernand,village,Stone Tower Village,,-10591.00,714.00,-3093.00
Node_Her_FrozenSoulTomb,Hernand,tomb,Frozen Soul Tomb,,-12644.00,960.00,-3340.00
Node_Kwe_Gate_0000,Kweiden,gate,Gate 0000,,-11553.00,692.00,-1327.00
Node_Kwe_StellenManor,Kweiden,manor,Stellen Manor,스텔렌 저택,-9427.00,648.00,-1373.00
Node_Dem_ForgottenRuins,Demeniss,ruins,Forgotten Ruins,,-8981.00,566.00,-3529.00
Node_Dem_SickForest,Demeniss,forest,Sick Forest,,-8581.00,514.00,-3924.00
Node_Dem_Shipwreck_0005,Demeniss,shipwreck,Shipwreck 0005,,-8287.00,352.00,-5035.00
Node_Neut_SnakeTailGate,Neutral,gate,Snaketail Gate,뱀꼬리 관문,-5727.00,508.00,-4380.00
Node_Del_MorvaneBridge,Delesyia,bridge,Morvane Bridge,모르베인 다리,-4887.00,367.00,-3425.00
Node_Crim_VarniaGate,Crimson,gate,Varnia Gate,바르니아 관문,-3938.00,629.00,2807.00
Node_Crim_Sandtopia,Crimson,poi,Sandtopia,,-4551.00,646.00,3050.00
Node_Crim_RockPoolCluster,Crimson,water,Rock Pool Cluster,,-3817.00,590.00,2948.00
Node_Her_CarriageWorkshop_00,Hernand,workshop,Carriage Workshop 00,,-9836.00,537.00,-4300.00
Node_Dem_CarriageWorkshop_00,Demeniss,workshop,Carriage Workshop 00,,-9211.00,592.00,-3359.00
Node_Crim_CarriageWorkshop_00,Crimson,workshop,Carriage Workshop 00,,-5451.00,529.00,-1633.00
Node_Her_BrokenGate,Hernand,gate,Broken Gate,,-11742.00,659.00,-5363.00
Node_Her_MechanicCabin,Hernand,house,Mechanic Cabin,,-11701.00,801.00,-3841.00
Node_Her_ForestCabin,Hernand,forest,Forest Cabin,,-8018.00,554.00,-1717.00
Node_Her_ThinkersMeadow,Hernand,poi,Thinker's Meadow,사색가의 뜰,-10381.00,619.00,-4503.00
Node_Her_RestArea_0119,Hernand,rest_area,Rest Area 0119,,-9728.00,656.00,-1097.00
Node_Her_WhiteMountainOutpost,Hernand,outpost,White Mountain Outpost,,-11829.00,739.00,-2805.00
Node_Her_WhiteMountainScoutCamp,Hernand,camp,White Mountain Scout Camp,,-12305.00,886.00,-2981.00
Node_Her_GreenFieldCliffCamp,Hernand,camp,Green Field Cliff Camp,,-9388.00,594.00,-4649.00
Node_Dem_DemArmyScoutCamp,Demeniss,camp,Dem Army Scout Camp,,-6307.00,541.00,-2252.00
Node_Her_North_WatchTower,Hernand,tower,North Watch Tower,,-10873.00,742.00,-2934.00
Node_Her_SnowMountain_WatchTower,Hernand,tower,Snow Mountain Watch Tower,,-12532.00,956.00,-2491.00
Node_Del_Watchtower_II,Delesyia,tower,Watchtower II,,-5385.00,470.00,-2916.00
Node_Del_BenusMountain_WatchTower,Delesyia,tower,Benus Mountain Watch Tower,,-4158.00,573.00,-5205.00
Node_Her_RaidersBase,Hernand,poi,Raiders Base,,-9578.00,618.00,-3698.00
Node_Hernand_Bandit_I,Unknown,poi,Bandit I,,-9707.00,616.00,-3605.00
Node_Her_DrakefallBanditCamp,Hernand,camp,Drakefall Bandit Camp,,-9807.00,696.00,-1634.00
Node_Her_ArboriaBanditCamp,Hernand,camp,Arboria Bandit Camp,,-9816.00,675.00,-2206.00
Node_Her_MountainAreaBanditCamp,Hernand,camp,Mountain Area Bandit Camp,,-11818.00,807.00,-3763.00
Node_Her_ShadowforestBanditCamp,Hernand,camp,Shadowforest Bandit Camp,,-11311.00,698.00,-3720.00
Node_Her_RoccaHillBanditCamp,Hernand,camp,Rocca Hill Bandit Camp,,-10334.00,604.00,-3564.00
Node_Her_AnvilRiversideBanditCamp,Hernand,camp,Anvil Riverside Bandit Camp,모루 강변 도적 캠프,-10141.00,548.00,-3965.00
Node_Her_SunrisePlainBanditCamp_I,Hernand,camp,Sunrise Plain Bandit Camp I,,-10659.00,630.00,-4828.00
Node_Her_FoggyWindBanditCamp,Hernand,camp,Foggy Wind Bandit Camp,,-11277.00,619.00,-4927.00
Node_Her_RiverTerraceBanditCamp,Hernand,camp,River Terrace Bandit Camp,,-9600.00,567.00,-4304.00
Node_Her_RiverTerraceBanditCamp_I,Hernand,camp,River Terrace Bandit Camp I,,-9367.00,590.00,-3765.00
Node_Her_AnvilHillBanditCamp,Hernand,camp,Anvil Hill Bandit Camp,모루언덕 도적 캠프,-9454.00,625.00,-3489.00
Node_Her_RoccaHillBanditCamp_I,Hernand,camp,Rocca Hill Bandit Camp I,,-9998.00,617.00,-3244.00
Node_Her_HowlingHillCamp,Hernand,camp,Howling Hill Camp,늑대언덕 주둔지,-11279.00,818.00,-3083.00
Node_Her_GreenFieldHillyAreaCamp,Hernand,camp,Green Field Hilly Area Camp,,-9582.00,552.00,-5038.00
Node_Her_GreenFieldThiefCamp,Hernand,camp,Green Field Thief Camp,,-9296.00,566.00,-5303.00
Node_Her_GreenHillThiefCamp,Hernand,camp,Green Hill Thief Camp,,-9351.00,584.00,-5331.00
Node_Her_SteelMountainsCamp,Hernand,camp,Steel Mountains Camp,강철산맥 캠프,-9475.00,676.00,-5785.00
Node_Her_SouthernDeepForestCamp,Hernand,camp,Southern Deep Forest Camp,,-11176.00,656.00,-4146.00
Node_Her_SunrisePlainBanditCamp,Hernand,camp,Sunrise Plain Bandit Camp,,-11043.00,611.00,-5024.00
Node_Her_WhiteMountainBanditCamp,Hernand,camp,White Mountain Bandit Camp,,-12697.00,1176.00,-3459.00
Node_Her_EastGoblinCamp,Hernand,camp,East Goblin Camp,,-9788.00,631.00,-5826.00
Node_Dem_BanditCamp_I,Demeniss,camp,Bandit Camp I,,-8774.00,503.00,-4658.00
Node_Dem_BanditCamp_II,Demeniss,camp,Bandit Camp II,,-8371.00,465.00,-4513.00
Node_Dem_BanditCamp_III,Demeniss,camp,Bandit Camp III,,-8093.00,430.00,-4168.00
Node_Dem_BanditCamp_IV,Demeniss,camp,Bandit Camp IV,,-8968.00,513.00,-4865.00
Node_Dem_SouthendCamp,Demeniss,camp,Southend Camp,,-7566.00,411.00,-5481.00
Node_Dem_CrescentCamp,Demeniss,camp,Crescent Camp,초승달 캠프,-8617.00,595.00,-1895.00
Node_Del_BanditCamp_I,Delesyia,camp,Bandit Camp I,,-3323.00,401.00,-5182.00
Node_Del_BanditCamp_II,Delesyia,camp,Bandit Camp II,,-4734.00,399.00,-4777.00
Node_Del_BanditCamp_III,Delesyia,camp,Bandit Camp III,,-6302.00,472.00,-4860.00
Node_Kwe_BanditCamp_I,Kweiden,camp,Bandit Camp I,,-9766.00,679.00,-834.00
Node_Kwe_BanditCamp_II,Kweiden,camp,Bandit Camp II,,-9960.00,695.00,-524.00
Node_Kwe_BanditCamp_III,Kweiden,camp,Bandit Camp III,,-9650.00,639.00,-1014.00
Node_Kwe_BanditCamp_IV,Kweiden,camp,Bandit Camp IV,,-10265.00,669.00,-1008.00
Node_Kwe_BanditCamp_V,Kweiden,camp,Bandit Camp V,,-9816.00,707.00,683.00
Node_Kwe_BanditCamp_VI,Kweiden,camp,Bandit Camp VI,,-9493.00,645.00,959.00
Node_Kwe_BanditCamp_VIII,Kweiden,camp,Bandit Camp VIII,,-11902.00,707.00,-1195.00
Node_Kwe_BanditCamp_IX,Kweiden,camp,Bandit Camp IX,,-11502.00,717.00,-858.00
Node_Kwe_PitfallCamp,Kweiden,camp,Pitfall Camp,함정 구덩이 캠프,-10632.00,687.00,955.00
Node_Crim_BanditCamp_I,Crimson,camp,Bandit Camp I,,-6336.00,682.00,-680.00
Node_Crim_BanditCamp_II,Crimson,camp,Bandit Camp II,,-6545.00,600.00,-1145.00
Node_Crim_BanditCamp_III,Crimson,camp,Bandit Camp III,,-5720.00,677.00,-760.00
Node_Crim_BanditCamp_IV,Crimson,camp,Bandit Camp IV,,-5037.00,691.00,1366.00
Node_Crim_BanditCamp_VI,Crimson,camp,Bandit Camp VI,,-4766.00,655.00,-651.00
Node_Crim_BanditCamp_VII,Crimson,camp,Bandit Camp VII,,-3831.00,654.00,-617.00
Node_Crim_BanditCamp_VIII,Crimson,camp,Bandit Camp VIII,,-4759.00,567.00,-1554.00
Node_Crim_BanditCamp_IX,Crimson,camp,Bandit Camp IX,,-5248.00,566.00,-1310.00
Node_Crim_BanditCamp_X,Crimson,camp,Bandit Camp X,,-6253.00,705.00,-572.00
Node_Crim_BanditCamp_XI,Crimson,camp,Bandit Camp XI,,-6445.00,723.00,391.00
Node_Crim_BanditCamp_XII,Crimson,camp,Bandit Camp XII,,-6200.00,515.00,-2017.00
Node_Crim_BanditCamp_XIII,Crimson,camp,Bandit Camp XIII,,-6406.00,555.00,-1341.00
Node_Crim_BanditCamp_XIV,Crimson,camp,Bandit Camp XIV,,-4603.00,524.00,-1997.00
Node_Crim_KhafijahrCamp,Crimson,camp,Khafi-jahr Camp,카히자르 캠프,-7186.00,668.00,-369.00
Node_Crim_GhadirjahrCamp,Crimson,camp,Ghadir-jahr Camp,가디자르 캠프,-6902.00,669.00,-454.00
Node_Crim_QudimjahrCamp,Crimson,camp,Qudim-jahr Camp,쿠디자르 캠프,-6674.00,669.00,-512.00
Node_Crim_YalwijahrCamp,Crimson,camp,Yalwi-jahr Camp,얄위자르 캠프,-6503.00,673.00,-519.00
Node_Crim_ShiqarjahrCamp,Crimson,camp,Shiqar-jahr Camp,시크자르 캠프,-6278.00,675.00,-434.00
Node_Crim_SakhajahrCamp,Crimson,camp,Sakha-jahr Camp,사칼자르 캠프,-6061.00,661.00,-370.00
Node_Crim_BaisunjahrCamp,Crimson,camp,Baisun-jahr Camp,바이순자르 캠프,-6075.00,656.00,-145.00
Node_Crim_AsaharamCamp,Crimson,camp,Asaha-ram Camp,아사하람 캠프,-5744.00,691.00,567.00
Node_Crim_KuhteramCamp,Crimson,camp,Kuhte-ram Camp,쿠테람 캠프,-5983.00,659.00,490.00
Node_Crim_HariyahramCamp,Crimson,camp,Hariyah-ram Camp,하리야람 캠프,-5373.00,699.00,796.00
Node_Crim_KharatiramCamp,Crimson,camp,Kharati-ram Camp,카라티람 캠프,-5601.00,689.00,359.00
Node_Crim_MakharamCamp,Crimson,camp,Makha-ram Camp,마칼람 캠프,-6035.00,677.00,276.00
Node_Crim_IguanaHatchery,Crimson,monster_lair,Iguana Hatchery,이구아나 부화장,-5950.00,665.00,298.00
Node_Her_AbandonedCabin_I,Hernand,house,Abandoned Cabin I,,-9398.00,477.00,-6290.00
Node_Her_AbandonedCabin_II,Hernand,house,Abandoned Cabin II,,-9778.00,497.00,-6111.00
Node_Her_AbandonedCabin_III,Hernand,house,Abandoned Cabin III,,-10876.00,605.00,-6492.00
Node_Her_AbandonedCabin_IV,Hernand,house,Abandoned Cabin IV,,-11061.00,713.00,-6504.00
Node_Her_AbandonedCabin_V,Hernand,house,Abandoned Cabin V,,-9681.00,633.00,-5580.00
Node_Her_AbandonedCabin_VI,Hernand,house,Abandoned Cabin VI,,-10428.00,785.00,-1942.00
Node_Her_AbandonedCabin_VII,Hernand,house,Abandoned Cabin VII,,-12908.00,962.00,-5673.00
Node_Her_AbandonedCabin_VIII,Hernand,house,Abandoned Cabin VIII,,-10849.00,561.00,-5808.00
Node_Dem_AbandonedCabin_I,Demeniss,house,Abandoned Cabin I,,-7207.00,406.00,-3910.00
Node_Dem_AbandonedCabin_II,Demeniss,house,Abandoned Cabin II,,-7463.00,431.00,-5400.00
Node_Dem_AbandonedCabin_III,Demeniss,house,Abandoned Cabin III,,-7964.00,440.00,-4293.00
Node_Dem_AbandonedCabin_IV,Demeniss,house,Abandoned Cabin IV,,-8464.00,403.00,-6179.00
Node_Dem_AbandonedCabin_V,Demeniss,house,Abandoned Cabin V,,-8713.00,380.00,-6320.00
Node_Dem_AbandonedCabin_VI,Demeniss,house,Abandoned Cabin VI,,-5888.00,516.00,-2682.00
Node_Dem_AbandonedCabin_VII,Demeniss,house,Abandoned Cabin VII,,-7140.00,549.00,-2369.00
Node_Dem_AbandonedCabin_VIII,Demeniss,house,Abandoned Cabin VIII,,-6735.00,472.00,-2945.00
Node_Del_AbandonedCabin_I,Delesyia,house,Abandoned Cabin I,,-3236.00,440.00,-5679.00
Node_Del_AbandonedCabin_II,Delesyia,house,Abandoned Cabin II,,-3750.00,379.00,-6074.00
Node_Del_AbandonedCabin_III,Delesyia,house,Abandoned Cabin III,,-4155.00,470.00,-5591.00
Node_Del_AbandonedCabin_IV,Delesyia,house,Abandoned Cabin IV,,-6104.00,510.00,-5282.00
Node_Del_AbandonedCabin_V,Delesyia,house,Abandoned Cabin V,,-6322.00,501.00,-5427.00
Node_Del_AbandonedCabin_VI,Delesyia,house,Abandoned Cabin VI,,-6176.00,438.00,-5466.00
Node_Del_AbandonedCabin_VII,Delesyia,house,Abandoned Cabin VII,,-7070.00,413.00,-4941.00
Node_Del_AbandonedCabin_VIII,Delesyia,house,Abandoned Cabin VIII,,-3253.00,383.00,-5136.00
Node_Her_TorchlightCabin,Hernand,house,Torchlight Cabin,토치라이트 오두막,-10840.00,716.00,-3501.00
Node_Her_MudreachCabin,Hernand,house,Mudreach Cabin,,-9869.00,565.00,-4911.00
Node_Her_TwinCloverCabin,Hernand,house,Twin Clover Cabin,,-11355.00,627.00,-4751.00
Node_Her_FordCabin,Hernand,house,Ford Cabin,여울목 오두막,-10381.00,682.00,-2710.00
Node_Her_WetFogCabin,Hernand,house,Wet Fog Cabin,,-12173.00,739.00,-1831.00
Node_Dem_StormwaveCliff,Demeniss,landmark,Stormwave Cliff,,-8033.00,521.00,-5812.00
Node_Dem_KingMountainHollow,Demeniss,landmark,King Mountain Hollow,,-9339.00,686.00,-1566.00
Node_Dem_SlantedFishingDock,Demeniss,harbor,Slanted Fishing Dock,,-8008.00,551.00,-1825.00
Node_Del_BenusCabin,Delesyia,house,Benus Cabin,베누스 오두막,-3908.00,518.00,-5303.00
Node_Del_WoodRockCabin,Delesyia,house,Woodrock Cabin,우드락 오두막,-6104.00,541.00,-5021.00
Node_Kwe_ShadowedOverlook,Kweiden,poi,Shadowed Overlook,,-9388.00,696.00,-229.00
Node_Kwe_WhisperwoodCabin,Kweiden,house,Whisperwood Cabin,,-9496.00,632.00,-359.00
Node_Kwe_WhitegreenSummit,Kweiden,poi,Whitegreen Summit,,-10923.00,893.00,-1278.00
Node_Kwe_TreeshadeCabin,Kweiden,house,Treeshade Cabin,,-11369.00,746.00,-358.00
Node_Kwe_WhisperingCabin,Kweiden,house,Whispering Cabin,,-9715.00,658.00,1034.00
Node_Kwe_SwampFishingDock,Kweiden,harbor,Swamp Fishing Dock,,-11640.00,710.00,-945.00
Node_Crim_MossvaleCabin,Crimson,house,Mossvale Cabin,,-11410.00,754.00,577.00
Node_Crim_SeabreezeCabin,Crimson,house,Seabreeze Cabin,,-4372.00,403.00,-3082.00
Node_Her_SnowingCabin,Hernand,house,Snowing Cabin,,-12997.00,1209.00,-4665.00
Node_Her_SilentLodgeCabin,Hernand,house,Silent Lodge Cabin,,-10515.00,610.00,-4610.00
Node_Her_CliffHideout,Hernand,monster_lair,Cliff Hideout,,-9534.00,631.00,-1681.00
Node_Dem_WaterFallFishingDock,Demeniss,harbor,Water Fall Fishing Dock,,-7507.00,497.00,-2946.00
Node_Del_VenusRiversideCabin,Delesyia,water,Venus Riverside Cabin,,-4657.00,391.00,-4625.00
Node_Her_Shipwreck_0001,Hernand,shipwreck,Shipwreck 0001,,-10073.00,358.00,-6079.00
Node_Her_Shipwreck_0002,Hernand,shipwreck,Shipwreck 0002,,-10666.00,353.00,-6372.00
Node_Her_Shipwreck_0003,Hernand,shipwreck,Shipwreck 0003,,-10409.00,352.00,-6458.00
Node_Her_Shipwreck_0004,Hernand,shipwreck,Shipwreck 0004,,-12411.00,982.00,-4084.00
Node_Dem_Shipwreck_0001,Demeniss,shipwreck,Shipwreck 0001,,-6811.00,351.00,-3911.00
Node_Dem_Shipwreck_0002,Demeniss,shipwreck,Shipwreck 0002,,-7064.00,352.00,-4242.00
Node_Dem_Shipwreck_0003,Demeniss,shipwreck,Shipwreck 0003,,-7630.00,351.00,-5109.00
Node_Dem_Shipwreck_0004,Demeniss,shipwreck,Shipwreck 0004,,-8037.00,350.00,-5302.00
Node_Dem_Shipwreck_0006,Demeniss,shipwreck,Shipwreck 0006,,-7923.00,351.00,-4805.00
Node_Dem_Shipwreck_0007,Demeniss,shipwreck,Shipwreck 0007,,-7818.00,350.00,-5979.00
Node_Dem_Shipwreck_0008,Demeniss,shipwreck,Shipwreck 0008,,-8820.00,351.00,-6350.00
Node_Del_Shipwreck_0001,Delesyia,shipwreck,Shipwreck 0001,,-4643.00,351.00,-3581.00
Node_Del_Shipwreck_0002,Delesyia,shipwreck,Shipwreck 0002,,-5217.00,350.00,-3371.00
Node_Del_Shipwreck_0003,Delesyia,shipwreck,Shipwreck 0003,,-4894.00,351.00,-3672.00
Node_Del_Shipwreck_0004,Delesyia,shipwreck,Shipwreck 0004,,-4141.00,351.00,-4440.00
Node_Del_Shipwreck_0005,Delesyia,shipwreck,Shipwreck 0005,,-3710.00,351.00,-4713.00
Node_Del_Shipwreck_0006,Delesyia,shipwreck,Shipwreck 0006,,-3627.00,351.00,-4760.00
Node_Del_Shipwreck_0007,Delesyia,shipwreck,Shipwreck 0007,,-3181.00,350.00,-5153.00
Node_Del_Shipwreck_0008,Delesyia,shipwreck,Shipwreck 0008,,-2874.00,353.00,-4698.00
Node_Del_Shipwreck_0009,Delesyia,shipwreck,Shipwreck 0009,,-3384.00,350.00,-5865.00
Node_Del_Shipwreck_0010,Delesyia,shipwreck,Shipwreck 0010,,-4814.00,354.00,-5437.00
Node_Del_Shipwreck_0011,Delesyia,shipwreck,Shipwreck 0011,,-7043.00,351.00,-5173.00
Node_Del_Shipwreck_0012,Delesyia,shipwreck,Shipwreck 0012,,-6972.00,355.00,-5837.00
Node_Del_Shipwreck_0014,Delesyia,shipwreck,Shipwreck 0014,,-6970.00,352.00,-4817.00
Node_Crim_Shipwreck_0001,Crimson,shipwreck,Shipwreck 0001,,-4373.00,665.00,1877.00
Node_Her_MysticlifeFalls,Hernand,poi,Mysticlife Falls,,-10608.00,761.00,-1373.00
Node_Dem_SouthernDivineTree,Demeniss,poi,Southern Divine Tree,,-7747.00,445.00,-5326.00
Node_Dem_WindpulleyHeights,Demeniss,poi,Windpulley Heights,,-9084.00,623.00,-5013.00
Node_Kwe_ForestRing,Kweiden,forest,Forest Ring,,-9733.00,621.00,-476.00
Node_Kwe_SanctuaryoftheWhiteLand,Kweiden,poi,Sanctuaryofthe White Land,,-11782.00,822.00,950.00
Node_Kwe_DennRiverPath,Kweiden,water,Denn River Path,,-9896.00,643.00,1079.00
Node_Crim_Ashen_Crevasse,Crimson,landmark,Ashen Crevasse,,-3985.00,687.00,-260.00
Node_Crim_Ringrock_Hollow,Crimson,landmark,Ringrock Hollow,,-4785.00,625.00,403.00
Node_Crim_Azure_Paradise,Crimson,landmark,Azure Paradise,,-4136.00,624.00,996.00
Node_Crim_Merchant_Oasis,Crimson,oasis,Merchant Oasis,,-4785.00,674.00,1569.00
Node_Her_AncientRuins_0001,Hernand,ruins,Ancient Ruins 0001,,-11351.00,810.00,-3024.00
Node_Her_AncientRuins_0002,Hernand,ruins,Ancient Ruins 0002,,-11385.00,704.00,-3802.00
Node_Her_AncientRuins_0003,Hernand,ruins,Ancient Ruins 0003,,-9264.00,539.00,-4311.00
Node_Her_AncientRuins_0004,Hernand,ruins,Ancient Ruins 0004,,-9675.00,714.00,-1796.00
Node_Her_AncientRuins_0005,Hernand,ruins,Ancient Ruins 0005,,-10513.00,614.00,-5409.00
Node_Her_AncientRuins_0006,Hernand,ruins,Ancient Ruins 0006,,-10117.00,692.00,-2638.00
Node_Dem_AncientRuins_0007,Demeniss,ruins,Ancient Ruins 0007,,-9027.00,480.00,-5164.00
Node_Her_AncientRuins_0008,Hernand,ruins,Ancient Ruins 0008,,-9597.00,646.00,-5755.00
Node_Her_AncientRuins_0009,Hernand,ruins,Ancient Ruins 0009,,-12089.00,740.00,-2220.00
Node_Her_AncientRuins_0010,Hernand,ruins,Ancient Ruins 0010,,-12330.00,792.00,-1596.00
Node_Del_AncientRuins_0011,Delesyia,ruins,Ancient Ruins 0011,,-6793.00,400.00,-4663.00
Node_Dem_AncientRuins_0012,Demeniss,ruins,Ancient Ruins 0012,,-7221.00,418.00,-4373.00
Node_Del_AncientRuins_0013,Delesyia,ruins,Ancient Ruins 0013,,-4855.00,379.00,-3225.00
Node_Del_AncientRuins_0014,Delesyia,ruins,Ancient Ruins 0014,,-3931.00,427.00,-4882.00
Node_Del_AncientRuins_0015,Delesyia,ruins,Ancient Ruins 0015,,-3936.00,501.00,-5409.00
Node_Del_AncientRuins_0016,Delesyia,ruins,Ancient Ruins 0016,,-4529.00,404.00,-3214.00
Node_Kwe_AncientRuins_0017,Kweiden,ruins,Ancient Ruins 0017,,-9190.00,703.00,372.00
Node_Kwe_AncientRuins_0019,Kweiden,ruins,Ancient Ruins 0019,,-11494.00,755.00,890.00
Node_Del_AncientRuins_0020,Delesyia,ruins,Ancient Ruins 0020,,-5344.00,413.00,-3080.00
Node_Dem_AncientRuins_0021,Demeniss,ruins,Ancient Ruins 0021,,-8510.00,539.00,-2490.00
Node_Del_AncientRuins_0022,Delesyia,ruins,Ancient Ruins 0022,,-3528.00,412.00,-5318.00
Node_Her_AncientRuins_0023,Hernand,ruins,Ancient Ruins 0023,,-11336.00,634.00,-4295.00
Node_Her_AncientRuins_0024,Hernand,ruins,Ancient Ruins 0024,,-11528.00,649.00,-5359.00
Node_Dem_AncientRuins_0025,Demeniss,ruins,Ancient Ruins 0025,,-8414.00,592.00,-1564.00
Node_Kwe_AncientRuins_0026,Kweiden,ruins,Ancient Ruins 0026,,-10580.00,853.00,-517.00
Node_Crim_AncientRuins_0027,Crimson,ruins,Ancient Ruins 0027,,-4614.00,497.00,-2079.00
Node_Del_AncientRuins_0029,Delesyia,ruins,Ancient Ruins 0029,,-6321.00,519.00,-5062.00
Node_Dem_AncientRuins_0030,Demeniss,ruins,Ancient Ruins 0030,,-7450.00,545.00,-2114.00
Node_Her_AncientRuins_0031,Hernand,ruins,Ancient Ruins 0031,,-10927.00,716.00,-3651.00
Node_Her_AncientRuins_0032,Hernand,ruins,Ancient Ruins 0032,,-11007.00,790.00,-3091.00
Node_Her_AncientRiftRuins,Hernand,ruins,Ancient Rift Ruins,고대의 틈 유적,-10328.00,613.00,-1525.00
Node_Dem_SolarAndLunarMaze,Demeniss,dungeon,Solar And Lunar Maze,,-7811.00,608.00,-1052.00
Node_Kwe_MazeForest,Kweiden,forest,Maze Forest,,-11283.00,719.00,648.00
Node_Her_SaintheartCave,Hernand,cave,Saintheart Cave,,-10701.00,609.00,-3264.00
Node_Her_bladecave,Hernand,cave,Blade Cave,칼날 동굴,-11743.00,682.00,-4195.00
Node_Her_ShadowheartCave,Hernand,cave,Shadowheart Cave,,-11658.00,643.00,-4342.00
Node_Her_EchoingHollowCave,Hernand,cave,Echoing Hollow Cave,,-11503.00,612.00,-5183.00
Node_Her_WhispercliffCave,Hernand,cave,Whispercliff Cave,,-11098.00,627.00,-5313.00
Node_Her_MistbreathCave,Hernand,cave,Mistbreath Cave,,-11105.00,556.00,-4480.00
Node_Her_DawnriseCave,Hernand,cave,Dawnrise Cave,,-10884.00,484.00,-5982.00
Node_Her_WaveechoCave,Hernand,cave,Waveecho Cave,,-10882.00,427.00,-6438.00
Node_Dem_WindthreadCave,Demeniss,cave,Windthread Cave,,-8402.00,419.00,-6099.00
Node_Dem_WindcryHollowCave,Demeniss,cave,Windcry Hollow Cave,,-8185.00,485.00,-5876.00
Node_Dem_LostSongCave,Demeniss,cave,Lost Song Cave,사라진노래 동굴,-7729.00,376.00,-4248.00
Node_Dem_CrystalcrownCave,Demeniss,cave,Crystal Crown Cave,수정왕관 동굴,-7302.00,351.00,-4036.00
Node_Dem_StarlightCave,Demeniss,cave,Starlight Cave,별빛동굴,-6692.00,350.00,-3757.00
Node_Del_SilentCave,Delesyia,cave,Silent Cave,,-6386.00,363.00,-4535.00
Node_Del_GuardiansCave,Delesyia,cave,Guardian's Cave,수호자의 동굴,-5550.00,415.00,-4593.00
Node_Del_WaterOfferingCave,Delesyia,cave,Water Offering Cave,,-5143.00,351.00,-2830.00
Node_Crim_JudgmentoftheWindCave,Crimson,cave,Judgmentofthe Wind Cave,,-5226.00,401.00,-2590.00
Node_Crim_SouloftheWarriorCave,Crimson,cave,Soulofthe Warrior Cave,,-5695.00,472.00,-2369.00
Node_Crim_RoaringSacredBeastCave,Crimson,cave,Roaring Sacred Beast Cave,,-4739.00,494.00,-2002.00
Node_Crim_SilverVenomspikeCave,Crimson,cave,Silver Venomspike Cave,,-4476.00,494.00,-1967.00
Node_Del_AbyssMirrorCave,Delesyia,cave,Abyss Mirror Cave,,-5747.00,484.00,-2631.00
Node_Dem_ShadowWolfCave,Demeniss,cave,Shadowwolf Cave,그림자늑대 동굴,-8948.00,440.00,-4312.00
Node_Dem_WellofTragedyCave,Demeniss,cave,Wellof Tragedy Cave,,-8285.00,549.00,-1478.00
Node_Her_EndlessWaveCave,Hernand,cave,Endless Wave Cave,,-9552.00,553.00,-2938.00
Node_Her_TwilightRingCave,Hernand,cave,Twilight Ring Cave,,-9661.00,549.00,-2844.00
Node_Her_NightstormCave,Hernand,cave,Nightstorm Cave,밤폭풍 동굴,-11761.00,842.00,-3226.00
Node_Her_FrozenHeartCave,Hernand,cave,Frozen Heart Cave,,-12240.00,828.00,-3816.00
Node_Her_FrostclawCave,Hernand,cave,Frostclaw Cave,서리발톱 동굴,-12855.00,926.00,-4098.00
Node_Her_RestingPlaceofDeathCave,Hernand,cave,Resting Placeof Death Cave,,-12551.00,787.00,-4815.00
Node_Her_StarlightStormCave,Hernand,cave,Starlight Storm Cave,별빛 폭풍 동굴,-11598.00,806.00,-3709.00
Node_Kwe_IceArrowCave,Kweiden,cave,Ice Arrow Cave,,-11724.00,764.00,975.00
Node_Kwe_VagueAbyssCave,Kweiden,cave,Vague Abyss Cave,,-11409.00,700.00,855.00
Node_Kwe_SnowstormCave,Kweiden,cave,Snowstorm Cave,,-10039.00,658.00,625.00
Node_Kwe_IceBladeCave,Kweiden,cave,Iceblade Cave,얼음칼날 동굴,-10402.00,835.00,198.00
Node_Her_AncientHeartCave,Hernand,cave,Ancient Heart Cave,,-10557.00,668.00,-1524.00
Node_Dem_CrescentHuntCave,Demeniss,cave,Crescent Hunt Cave,,-8552.00,540.00,-1874.00
Node_Dem_MoonlightSpiritCave,Demeniss,cave,Moonlight Spirit Cave,,-8412.00,572.00,-1662.00
Node_Dem_FragmentofMistCave,Demeniss,cave,Fragmentof Mist Cave,,-8085.00,601.00,-899.00
Node_Crim_SunGateCave,Crimson,cave,Sun Gate Cave,,-3909.00,590.00,3354.00
Node_Dem_SanctuaryofFirefliesCave,Demeniss,cave,Sanctuaryof Fireflies Cave,,-9328.00,491.00,-4402.00
Node_Del_SerpentScaleCave,Delesyia,cave,Serpent Scale Cave,뱀비늘 동굴,-5571.00,446.00,-4879.00
Node_Del_Region_Cave_0001,Delesyia,cave,Region Cave 0001,,-4922.00,361.00,-3335.00
Node_Dem_Region_Cave_0002,Demeniss,cave,Region Cave 0002,,-9257.00,669.00,-2099.00
Node_Dem_Region_Cave_0003,Demeniss,cave,Region Cave 0003,,-6181.00,535.00,-2363.00
Node_Kwe_Region_Cave_0004,Kweiden,cave,Region Cave 0004,,-9576.00,644.00,642.00
Node_Kwe_Region_Cave_0005,Kweiden,cave,Region Cave 0005,,-10915.00,882.00,-1309.00
Node_Kwe_Region_Cave_0006,Kweiden,cave,Region Cave 0006,,-11120.00,696.00,-1694.00
Node_Del_Region_Cave_0008,Delesyia,cave,Region Cave 0008,,-4448.00,379.00,-4617.00
Node_Her_Region_Cave_0009,Hernand,cave,Region Cave 0009,,-10231.00,557.00,-4580.00
Node_Her_Region_Cave_0010,Hernand,cave,Region Cave 0010,,-13122.00,1147.00,-4354.00
Node_Her_Region_Cave_0011,Hernand,cave,Region Cave 0011,,-10072.00,703.00,-1549.00
Node_Del_Region_Cave_0012,Delesyia,cave,Region Cave 0012,,-4240.00,456.00,-5344.00
Node_Del_Region_Cave_0013,Delesyia,cave,Region Cave 0013,,-5533.00,488.00,-4198.00
Node_Del_Region_Cave_0014,Delesyia,cave,Region Cave 0014,,-5362.00,447.00,-3000.00
Node_Her_Region_Cave_0015,Hernand,cave,Region Cave 0015,,-11173.00,696.00,-3836.00
Node_Dem_Region_Cave_0016,Demeniss,cave,Region Cave 0016,,-8390.00,493.00,-6018.00
Node_Del_Region_Cave_0017,Delesyia,cave,Region Cave 0017,,-4512.00,413.00,-3025.00
Node_Del_Region_Cave_0018,Delesyia,cave,Region Cave 0018,,-5001.00,377.00,-3113.00
Node_Kwe_Region_Cave_0019,Kweiden,cave,Region Cave 0019,,-10650.00,688.00,930.00
Node_Crim_Region_Cave_0020,Crimson,cave,Region Cave 0020,,-4697.00,559.00,-1146.00
Node_Her_Region_Cave_0021,Hernand,cave,Region Cave 0021,,-10167.00,519.00,-4396.00
Node_Her_Region_Cave_0022,Hernand,cave,Region Cave 0022,,-10375.00,568.00,-4597.00
Node_Her_Region_Cave_0023,Hernand,cave,Region Cave 0023,,-10513.00,626.00,-3297.00
Node_Dem_Region_Cave_0024,Demeniss,cave,Region Cave 0024,,-9356.00,576.00,-3593.00
Node_Dem_Region_Cave_0025,Demeniss,cave,Region Cave 0025,,-8153.00,463.00,-4649.00
Node_Dem_Region_Cave_0026,Demeniss,cave,Region Cave 0026,,-7331.00,453.00,-4659.00
Node_Her_Region_Cave_0027,Hernand,cave,Region Cave 0027,,-11209.00,753.00,-2214.00
Node_Kwe_Region_Cave_0028,Kweiden,cave,Region Cave 0028,,-11106.00,841.00,-650.00
Node_Dem_Region_Cave_0029,Demeniss,cave,Region Cave 0029,,-8220.00,466.00,-4616.00
Node_Del_Region_Cave_0031,Delesyia,cave,Region Cave 0031,,-5047.00,433.00,-5211.00
Node_Her_Region_Cave_0032,Hernand,cave,Region Cave 0032,,-9640.00,573.00,-5396.00
Node_Her_Region_Cave_0033,Hernand,cave,Region Cave 0033,,-9594.00,609.00,-3562.00
Node_Kwe_Region_Cave_0034,Kweiden,cave,Region Cave 0034,,-10666.00,1017.00,158.00
Node_Her_Region_Cave_0035,Hernand,cave,Region Cave 0035,,-11472.00,700.00,-2160.00
Node_Kwe_Region_Cave_0036,Kweiden,cave,Region Cave 0036,,-10037.00,680.00,353.00
Node_Kwe_Region_Cave_0037,Kweiden,cave,Region Cave 0037,,-10009.00,665.00,404.00
Node_Kwe_Region_Cave_0039,Kweiden,cave,Region Cave 0039,,-9977.00,667.00,184.00
Node_Kwe_Region_Cave_0040,Kweiden,cave,Region Cave 0040,,-9953.00,655.00,133.00
Node_Kwe_Region_Cave_0041,Kweiden,cave,Region Cave 0041,,-9654.00,649.00,302.00
Node_Kwe_Region_Cave_0042,Kweiden,cave,Region Cave 0042,,-9600.00,642.00,354.00
Node_Kwe_Region_Cave_0043,Kweiden,cave,Region Cave 0043,,-9765.00,651.00,243.00
Node_Del_Region_Cave_0045,Delesyia,cave,Region Cave 0045,,-4758.00,399.00,-4803.00
Node_Kwe_Region_Cave_0046,Kweiden,cave,Region Cave 0046,,-11575.00,722.00,-497.00
Node_Kwe_Region_Cave_0047,Kweiden,cave,Region Cave 0047,,-9047.00,817.00,-422.00
Node_Kwe_Region_Cave_0048,Kweiden,cave,Region Cave 0048,,-9129.00,706.00,300.00
Node_Kwe_Region_Cave_0049,Kweiden,cave,Region Cave 0049,,-10474.00,705.00,-1012.00
Node_Her_Region_Cave_0050,Hernand,cave,Region Cave 0050,,-12167.00,748.00,-1272.00
Node_Kwe_Region_Cave_0051,Kweiden,cave,Region Cave 0051,,-10646.00,924.00,-171.00
Node_Kwe_Region_Cave_0052,Kweiden,cave,Region Cave 0052,,-116.00,-116.50,-115.50
Node_Kwe_Region_Cave_0053,Kweiden,cave,Region Cave 0053,,-10001.00,659.00,572.00
Node_Kwe_Region_Cave_0054,Kweiden,cave,Region Cave 0054,,-10710.00,956.00,-114.00
Node_Kwe_Region_Cave_0055,Kweiden,cave,Region Cave 0055,,-11459.35,734.26,109.96
Node_Kwe_Region_Cave_0056,Kweiden,cave,Region Cave 0056,,-11201.00,713.00,670.00
Node_Kwe_Region_Cave_0057,Kweiden,cave,Region Cave 0057,,-9639.00,654.00,1035.00
Node_Her_Region_Cave_0058,Hernand,cave,Region Cave 0058,,-11010.00,807.00,-2460.00
Node_Del_Region_Cave_0059,Delesyia,cave,Region Cave 0059,,-6739.00,561.00,-5329.00
Node_Dem_Region_Cave_0060,Demeniss,cave,Region Cave 0060,,-7295.00,450.00,-4679.00
Node_Dem_Region_Cave_0061,Demeniss,cave,Region Cave 0061,,-7626.00,413.00,-5332.00
Node_Her_Region_Cave_0062,Hernand,cave,Region Cave 0062,,-9387.00,612.00,-3428.00
Node_Dem_Region_Cave_0063,Demeniss,cave,Region Cave 0063,,-9063.00,477.00,-4670.00
Node_Crim_Region_Cave_0064,Crimson,cave,Region Cave 0064,,-4668.00,481.00,-2013.00
Node_Dem_Region_Cave_0065,Demeniss,cave,Region Cave 0065,,-6323.00,399.00,-3523.00
Node_Dem_Region_Cave_0066,Demeniss,cave,Region Cave 0066,,-8218.00,542.00,-1937.00
Node_Del_Region_Cave_0067,Delesyia,cave,Region Cave 0067,,-3065.00,350.00,-5221.00
Node_Her_Region_Cave_0068,Hernand,cave,Region Cave 0068,,-9857.00,563.00,-5060.00
Node_Her_Region_Cave_0069,Hernand,cave,Region Cave 0069,,-9449.00,601.00,-3333.00
Node_Her_Region_Cave_0070,Hernand,cave,Region Cave 0070,,-11187.00,756.00,-2255.00
Node_Kwe_Region_Cave_0071,Kweiden,cave,Region Cave 0071,,-10621.00,942.00,233.00
Node_Kwe_Region_Cave_0072,Kweiden,cave,Region Cave 0072,,909.48,73.40,-127.00
Node_Kwe_Region_Cave_0073,Kweiden,cave,Region Cave 0073,,743.56,-53.82,157.00
Node_Her_Region_Cave_0074,Hernand,cave,Region Cave 0074,,-9952.00,673.00,-2140.00
Node_Kwe_Region_Cave_0075,Kweiden,cave,Region Cave 0075,,-10748.00,792.00,-868.00
Node_Her_Region_Cave_0076,Hernand,cave,Region Cave 0076,,-12347.00,797.00,-5529.00
Node_Kwe_Region_Cave_0077,Kweiden,cave,Region Cave 0077,,-9664.00,648.00,-848.00
Node_Crim_Region_Cave_0078,Crimson,cave,Region Cave 0078,,-7424.00,654.00,-819.00
Node_Her_Region_Cave_0080,Hernand,cave,Region Cave 0080,,-12794.00,1101.00,-3105.00
Node_Her_Region_Cave_0081,Hernand,cave,Region Cave 0081,,-11315.00,668.00,-2509.00
Node_Del_Region_Cave_0082,Delesyia,cave,Region Cave 0082,,-5923.00,445.00,-3693.00
Node_Del_Region_Cave_0083,Delesyia,cave,Region Cave 0083,,-5887.00,483.00,-4256.00
Node_Del_Region_Cave_0084,Delesyia,cave,Region Cave 0084,,-5960.00,480.00,-4237.00
Node_Del_Region_Cave_0085,Delesyia,cave,Region Cave 0085,,-5986.00,468.00,-4256.00
Node_Del_Region_Cave_0086,Delesyia,cave,Region Cave 0086,,-6065.00,462.00,-4237.00
Node_Del_Region_Cave_0087,Delesyia,cave,Region Cave 0087,,-6085.00,481.00,-4171.00
Node_Del_Region_Cave_0088,Delesyia,cave,Region Cave 0088,,-6017.00,512.00,-4109.00
Node_Dem_Region_Cave_0089,Demeniss,cave,Region Cave 0089,,-8531.00,437.00,-4202.00
Node_Kwe_Region_Cave_0090,Kweiden,cave,Region Cave 0090,,-9995.00,700.00,725.00
Node_Her_Ruins_0001,Hernand,ruins,Ruins 0001,,-10209.00,551.00,-3895.00
Node_Her_Ruins_0002,Hernand,ruins,Ruins 0002,,-9687.00,664.00,-1389.00
Node_Her_Ruins_0004,Hernand,ruins,Ruins 0004,,-10226.00,713.00,-1664.00
Node_Her_Ruins_0005,Hernand,ruins,Ruins 0005,,-12078.00,759.00,-5355.00
Node_Her_Ruins_0006,Hernand,ruins,Ruins 0006,,-9362.00,589.00,-5285.00
Node_Her_WhitegreenRidge,Hernand,poi,Whitegreen Ridge,,-10812.00,849.00,-1383.00
Node_Her_Ruins_0007,Hernand,ruins,Ruins 0007,,-12493.00,818.00,-5021.00
Node_Her_Ruins_0003,Hernand,ruins,Ruins 0003,,-11577.00,791.00,-3223.00
Node_Dem_Ruins_0007,Demeniss,ruins,Ruins 0007,,-9282.00,571.00,-3902.00
Node_Dem_Ruins_0008,Demeniss,ruins,Ruins 0008,,-8838.00,488.00,-5205.00
Node_Dem_RedBoundaryPath,Demeniss,poi,Red Boundary Path,,-7406.00,629.00,-1876.00
Node_Del_Ruins_0009,Delesyia,ruins,Ruins 0009,,-5145.00,383.00,-3657.00
Node_Del_Ruins_0010,Delesyia,ruins,Ruins 0010,,-3902.00,451.00,-5842.00
Node_Del_GreenwoodValley,Delesyia,poi,Greenwood Valley,,-4461.00,446.00,-2739.00
Node_Crim_Ruins_0012,Crimson,ruins,Ruins 0012,,-8308.00,675.00,-609.00
Node_Crim_Ruins_0014,Crimson,ruins,Ruins 0014,,-6195.00,708.00,-446.00
Node_Crim_Ruins_0015,Crimson,ruins,Ruins 0015,,-5312.00,706.00,1122.00
Node_Crim_Ruins_0016,Crimson,ruins,Ruins 0016,,-4499.00,660.00,2221.00
Node_Crim_Ruins_0017,Crimson,ruins,Ruins 0017,,-4677.00,676.00,2015.00
Node_Crim_Ruins_0018,Crimson,ruins,Ruins 0018,,-4371.00,673.00,2188.00
Node_Crim_Ruins_0022,Crimson,ruins,Ruins 0022,,-4074.00,666.00,-1128.00
Node_Crim_Ruins_0023,Crimson,ruins,Ruins 0023,,-7588.00,651.00,-970.00
Node_Crim_Ruins_0013,Crimson,ruins,Ruins 0013,,-8325.00,645.00,-784.00
Node_Crim_Ruins_0020,Crimson,ruins,Ruins 0020,,-5580.00,552.00,-1404.00
Node_Crim_Ruins_0021,Crimson,ruins,Ruins 0021,,-5594.00,603.00,-1091.00
Node_Crim_Ruins_0024,Crimson,ruins,Ruins 0024,,-4467.00,571.00,-1564.00
Node_Crim_Ruins_0025,Crimson,ruins,Ruins 0025,,-4603.00,558.00,-1582.00
Node_Crim_Ruins_0026,Crimson,ruins,Ruins 0026,,-4829.00,532.00,-1954.00
Node_Crim_Ruins_0027,Crimson,ruins,Ruins 0027,,-4302.00,496.00,-2126.00
Node_Crim_SeabreezeRuin,Crimson,poi,Seabreeze Ruin,,-4354.00,404.00,-3144.00
Node_Crim_SandslumberRuins,Crimson,ruins,Sandslumber Ruins,,-4150.00,618.00,2134.00
Node_Crim_StonecrackRuins,Crimson,ruins,Stonecrack Ruins,,-4447.00,682.00,-293.00
Node_Kwe_PerilcrestSummit,Kweiden,poi,Perilcrest Summit,,-10592.00,886.00,-1810.00
Node_Kwe_FrostFortressSite,Kweiden,fort,Frost Fortress Site,,-10862.00,955.00,-395.00
Node_Kwe_OldGroundsintheFrost,Kweiden,poi,Old Groundsinthe Frost,,-11720.00,840.00,257.00
Node_Dem_IronStronghold_RestArea,Demeniss,stronghold,Iron Stronghold Rest Area,,-8084.00,510.00,-4755.00
Node_Crim_RestArea_0034,Crimson,rest_area,Rest Area 0034,,-5390.00,548.00,-1538.00
Node_Her_FortAnvil_RestArea_0001,Hernand,fort,Fort Anvil Rest Area 0001,,-9878.00,614.00,-4061.00
Node_Her_FortAnvil_RestArea_0002,Hernand,fort,Fort Anvil Rest Area 0002,,-10106.00,608.00,-4108.00
Node_Her_FortAnvil_RestArea_0003,Hernand,fort,Fort Anvil Rest Area 0003,,-9742.00,612.00,-3894.00
Node_Her_Mountain_of_Frozen_Souls_RestArea_0001,Hernand,rest_area,Mountain of Frozen Souls Rest Area 0001,,-11142.00,774.00,-6115.00
Node_Her_Node_Cal_CalphadeCastle_RestArea_0001,Hernand,castle,Node Cal Calphade Castle Rest Area 0001,,-11656.00,750.00,-2181.00
Node_Kwe_Pailune_RestArea_0001,Kweiden,rest_area,Pailune Rest Area 0001,,-9671.00,667.00,213.00
Node_Dem_IronStronghold_RestArea_0002,Demeniss,stronghold,Iron Stronghold Rest Area 0002,,-8073.00,558.00,-4625.00
Node_Dem_ThornRoseFort_RestArea_0001,Demeniss,fort,Thorn Rose Fort Rest Area 0001,,-8302.00,586.00,-5872.00
Node_Her_RuinedChapel_RestArea_0001,Hernand,rest_area,Ruined Chapel Rest Area 0001,,-9857.00,591.00,-5754.00
Node_Her_VelluaVillage_RestArea_0001,Hernand,village,Vellua Village Rest Area 0001,,-10403.00,369.00,-5967.00
Node_Her_KarinQuarry_RestArea_0001,Hernand,rest_area,Karin Quarry Rest Area 0001,,-10350.00,645.00,-3072.00
Node_Dem_BurnhandQuarry_RestArea_0001,Demeniss,rest_area,Burnhand Quarry Rest Area 0001,,-8709.00,516.00,-2499.00
Node_Kwe_OdeckVillage_RestArea_0001,Kweiden,village,Odeck Village Rest Area 0001,,-11053.00,667.00,1237.00
Node_Kwe_RidgehunterLeatherMaker_RestArea_0001,Kweiden,rest_area,Ridgehunter Leather Maker Rest Area 0001,,-11512.00,727.00,-379.00
Node_Cal_HohenmarkRuins_RestArea_0001,Calphade,ruins,Hohenmark Ruins Rest Area 0001,,-12607.00,1037.00,-2899.00
Node_Dem_EyeOfIce_RestArea_0001,Demeniss,rest_area,Eye Of Ice Rest Area 0001,,-8626.00,655.00,-880.00
Node_Crim_FossilhornTotem_RestArea_0001,Crimson,rest_area,Fossilhorn Totem Rest Area 0001,,-5202.00,500.00,-1932.00
Node_Crim_HowlsandsCamp_RestArea_0001,Crimson,camp,Howlsands Camp Rest Area 0001,,-5230.00,698.00,771.00
Node_Del_WindCliffFort_RestArea_0001_RestArea_0001,Delesyia,fort,Wind Cliff Fort Rest Area 0001 Rest Area 0001,,-6573.00,514.00,-5586.00
Node_Dem_Flame_Knights_RestArea_0001,Demeniss,rest_area,Flame Knights Rest Area 0001,,-9018.00,612.00,-3013.00
Node_Her_FortHellwood_RestArea_0001,Hernand,fort,Fort Hellwood Rest Area 0001,,-11214.00,799.00,-5509.00
Node_Dem_BloodsteelCamp_RestArea_0001,Demeniss,camp,Bloodsteel Camp Rest Area 0001,,-8882.00,635.00,-5947.00
Node_Dem_RestArea_0001,Demeniss,rest_area,Rest Area 0001,,-8144.00,496.00,-4783.00
Node_Dem_RestArea_0002,Demeniss,rest_area,Rest Area 0002,,-8507.00,474.00,-4850.00
Node_Her_RestArea_0003,Hernand,rest_area,Rest Area 0003,,-9771.00,688.00,-1540.00
Node_Her_RestArea_0004,Hernand,rest_area,Rest Area 0004,,-9550.00,620.00,-1183.00
Node_Crim_RestArea_0005,Crimson,rest_area,Rest Area 0005,,-5454.00,657.00,-988.00
Node_Kwe_RestArea_0006,Kweiden,rest_area,Rest Area 0006,,-11835.00,692.00,-1246.00
Node_Kwe_RestArea_0007,Kweiden,rest_area,Rest Area 0007,,-12175.00,706.00,-885.00
Node_Crim_RestArea_0008,Crimson,rest_area,Rest Area 0008,,-4977.00,660.00,-1097.00
Node_Kwe_RestArea_0009,Kweiden,rest_area,Rest Area 0009,,-11327.00,680.00,-1721.00
Node_Kwe_RestArea_0010,Kweiden,rest_area,Rest Area 0010,,-11491.00,693.00,-1403.00
Node_Kwe_RestArea_0011,Kweiden,rest_area,Rest Area 0011,,-10347.00,708.00,962.00
Node_Kwe_RestArea_0012,Kweiden,rest_area,Rest Area 0012,,-10729.00,682.00,984.00
Node_Kwe_RestArea_0013,Kweiden,rest_area,Rest Area 0013,,-10933.00,931.00,140.00
Node_Her_RestArea_0014,Hernand,rest_area,Rest Area 0014,,-10281.00,649.00,-2817.00
Node_Her_RestArea_0015,Hernand,rest_area,Rest Area 0015,,-11639.00,735.00,-4019.00
Node_Her_RestArea_0016,Hernand,rest_area,Rest Area 0016,,-11542.00,670.00,-4189.00
Node_Kwe_RestArea_0017,Kweiden,rest_area,Rest Area 0017,,-11530.00,795.00,652.00
Node_Del_RestArea_0018,Delesyia,rest_area,Rest Area 0018,,-6708.00,494.00,-5562.00
Node_Crim_RestArea_0019,Crimson,rest_area,Rest Area 0019,,-6655.00,655.00,-951.00
Node_Crim_RestArea_0020,Crimson,rest_area,Rest Area 0020,,-6536.00,625.00,-1047.00
Node_Her_RestArea_0021,Hernand,rest_area,Rest Area 0021,,-11350.00,601.00,-5027.00
Node_Her_RestArea_0022,Hernand,rest_area,Rest Area 0022,,-11440.00,629.00,-5195.00
Node_Kwe_RestArea_0023,Kweiden,rest_area,Rest Area 0023,,-9888.00,658.00,-1220.00
Node_Her_RestArea_0024,Hernand,rest_area,Rest Area 0024,,-10472.00,744.00,-2374.00
Node_Del_RestArea_0025,Delesyia,rest_area,Rest Area 0025,,-5533.00,405.00,-3313.00
Node_Crim_RestArea_0026,Crimson,rest_area,Rest Area 0026,,-6241.00,508.00,-1881.00
Node_Crim_RestArea_0027,Crimson,rest_area,Rest Area 0027,,-4863.00,675.00,1545.00
Node_Kwe_RestArea_0028,Kweiden,rest_area,Rest Area 0028,,-12278.00,702.00,-716.00
Node_Neut_RestArea_0029,Neutral,rest_area,Rest Area 0029,,-5808.00,500.00,-4493.00
Node_Neut_RestArea_0030,Neutral,rest_area,Rest Area 0030,,-5648.00,542.00,-4233.00
Node_Neut_RestArea_0031,Neutral,rest_area,Rest Area 0031,,-5527.00,433.00,-3462.00
Node_Her_RestArea_0032,Hernand,rest_area,Rest Area 0032,,-10285.00,581.00,-5135.00
Node_Del_RestArea_0033,Delesyia,rest_area,Rest Area 0033,,-4543.00,404.00,-4778.00
Node_Her_RestArea_0035,Hernand,rest_area,Rest Area 0035,,-9937.00,578.00,-5655.00
Node_Crim_RestArea_0036,Crimson,rest_area,Rest Area 0036,,-5558.00,651.00,-860.00
Node_Kwe_RestArea_0037,Kweiden,rest_area,Rest Area 0037,,-9539.00,617.00,-690.00
Node_Kwe_RestArea_0038,Kweiden,rest_area,Rest Area 0038,,-9721.00,639.00,-1161.00
Node_Her_RestArea_0039,Hernand,rest_area,Rest Area 0039,,-9611.00,643.00,-1362.00
Node_Her_RestArea_0040,Hernand,rest_area,Rest Area 0040,,-10026.00,715.00,-2463.00
Node_Her_RestArea_0041,Hernand,rest_area,Rest Area 0041,,-10026.00,519.00,-4436.00
Node_Her_RestArea_0042,Hernand,rest_area,Rest Area 0042,,-11705.00,700.00,-4192.00
Node_Her_RestArea_0043,Hernand,rest_area,Rest Area 0043,,-11623.00,696.00,-4222.00
Node_Her_RestArea_0044,Hernand,rest_area,Rest Area 0044,,-11094.00,556.00,-4653.00
Node_Her_RestArea_0046,Hernand,rest_area,Rest Area 0046,,-11957.00,862.00,-4021.00
Node_Her_RestArea_0047,Hernand,rest_area,Rest Area 0047,,-12218.00,938.00,-4276.00
Node_Her_RestArea_0048,Hernand,rest_area,Rest Area 0048,,-11453.00,781.00,-3595.00
Node_Kwe_RestArea_0049,Kweiden,rest_area,Rest Area 0049,,-11508.00,730.00,897.00
Node_Her_RestArea_0050,Hernand,rest_area,Rest Area 0050,,-12390.00,930.00,-3045.00
Node_Her_RestArea_0051,Hernand,rest_area,Rest Area 0051,,-12635.00,968.00,-1790.00
Node_Her_RestArea_0052,Hernand,rest_area,Rest Area 0052,,-9660.00,612.00,-2794.00
Node_Her_RestArea_0053,Hernand,rest_area,Rest Area 0053,,-10518.00,632.00,-4788.00
Node_Her_RestArea_0054,Hernand,rest_area,Rest Area 0054,,-11923.00,967.00,-5890.00
Node_Her_RestArea_0055,Hernand,rest_area,Rest Area 0055,,-10336.00,477.00,-5757.00
Node_Her_RestArea_0056,Hernand,rest_area,Rest Area 0056,,-11045.00,778.00,-6728.00
Node_Del_RestArea_0057,Delesyia,rest_area,Rest Area 0057,,-3144.00,456.00,-4562.00
Node_Del_RestArea_0058,Delesyia,rest_area,Rest Area 0058,,-3796.00,401.00,-4783.00
Node_Del_RestArea_0059,Delesyia,rest_area,Rest Area 0059,,-3815.00,452.00,-5861.00
Node_Del_RestArea_0060,Delesyia,rest_area,Rest Area 0060,,-4217.00,625.00,-5166.00
Node_Del_RestArea_0061,Delesyia,rest_area,Rest Area 0061,,-5324.00,417.00,-4838.00
Node_Del_RestArea_0062,Delesyia,rest_area,Rest Area 0062,,-5260.00,394.00,-4087.00
Node_Del_RestArea_0063,Delesyia,rest_area,Rest Area 0063,,-5510.00,412.00,-5386.00
Node_Del_RestArea_0064,Delesyia,rest_area,Rest Area 0064,,-6470.00,505.00,-4967.00
Node_Del_RestArea_0065,Delesyia,rest_area,Rest Area 0065,,-6268.00,415.00,-4286.00
Node_Del_RestArea_0066,Delesyia,rest_area,Rest Area 0066,,-5327.00,447.00,-2815.00
Node_Del_RestArea_0067,Delesyia,rest_area,Rest Area 0067,,-4859.00,373.00,-3362.00
Node_Del_RestArea_0068,Delesyia,rest_area,Rest Area 0068,,-4472.00,420.00,-2902.00
Node_Del_RestArea_0069,Delesyia,rest_area,Rest Area 0069,,-2652.00,374.00,-6582.00
Node_Crim_RestArea_0070,Crimson,rest_area,Rest Area 0070,,-4257.00,666.00,-1205.00
Node_Crim_RestArea_0071,Crimson,rest_area,Rest Area 0071,,-3930.00,662.00,-528.00
Node_Crim_RestArea_0072,Crimson,rest_area,Rest Area 0072,,-4650.00,594.00,-986.00
Node_Crim_RestArea_0073,Crimson,rest_area,Rest Area 0073,,-5068.00,687.00,-467.00
Node_Crim_RestArea_0075,Crimson,rest_area,Rest Area 0075,,-5012.00,671.00,568.00
Node_Crim_RestArea_0076,Crimson,rest_area,Rest Area 0076,,-4359.00,664.00,1534.00
Node_Crim_RestArea_0077,Crimson,rest_area,Rest Area 0077,,-4608.00,650.00,3011.00
Node_Crim_RestArea_0078,Crimson,rest_area,Rest Area 0078,,-5476.00,705.00,977.00
Node_Crim_RestArea_0079,Crimson,rest_area,Rest Area 0079,,-5414.00,675.00,347.00
Node_Crim_RestArea_0081,Crimson,rest_area,Rest Area 0081,,-6019.00,519.00,-1477.00
Node_Crim_RestArea_0082,Crimson,rest_area,Rest Area 0082,,-6708.00,659.00,-664.00
Node_Crim_RestArea_0083,Crimson,rest_area,Rest Area 0083,,-6308.00,699.00,671.00
Node_Crim_RestArea_0084,Crimson,rest_area,Rest Area 0084,,-7901.00,690.00,-282.00
Node_Crim_RestArea_0085,Crimson,rest_area,Rest Area 0085,,-8419.00,687.00,-368.00
Node_Dem_RestArea_0086,Demeniss,rest_area,Rest Area 0086,,-8744.00,650.00,-1361.00
Node_Dem_RestArea_0087,Demeniss,rest_area,Rest Area 0087,,-8675.00,643.00,-1705.00
Node_Dem_RestArea_0088,Demeniss,rest_area,Rest Area 0088,,-7798.00,657.00,-1328.00
Node_Dem_RestArea_0089,Demeniss,rest_area,Rest Area 0089,,-7553.00,570.00,-1954.00
Node_Dem_RestArea_0090,Demeniss,rest_area,Rest Area 0090,,-7446.00,402.00,-4231.00
Node_Dem_RestArea_0091,Demeniss,rest_area,Rest Area 0091,,-8634.00,541.00,-6185.00
Node_Dem_RestArea_0092,Demeniss,rest_area,Rest Area 0092,,-9071.00,481.00,-4280.00
Node_Dem_RestArea_0093,Demeniss,rest_area,Rest Area 0093,,-7115.00,406.00,-3897.00
Node_Kwe_FrostCamp,Kweiden,camp,Frost Camp,서리야영지,-10747.00,912.00,-460.00
Node_Kwe_FrostHaven,Kweiden,poi,Frost Haven,,-10519.00,955.00,-257.00
Node_Kwe_FrostStay,Kweiden,poi,Frost Stay,,-10740.00,833.00,-815.00
Node_Kwe_SnowleafHaven,Kweiden,poi,Snowleaf Haven,,-10843.00,752.00,-1082.00
Node_Kwe_HollowGrounds,Kweiden,landmark,Hollow Grounds,,-9640.00,654.00,1028.00
Node_Crim_OreVein_0001,Crimson,ore_vein,Ore Vein 0001,,-5329.00,483.00,-2337.00
Node_Crim_OreVein_0002,Crimson,ore_vein,Ore Vein 0002,,-6718.00,819.00,-126.00
Node_Crim_OreVein_0003,Crimson,ore_vein,Ore Vein 0003,,-4188.00,614.00,-1007.00
Node_Crim_OreVein_0004,Crimson,ore_vein,Ore Vein 0004,,-5000.00,653.00,1559.00
Node_Kwe_BranchshadowHideout,Kweiden,ranch,Branchshadow Hideout,,-9687.00,672.00,1116.00
Node_Kwe_WhiteGreattreeHaven,Kweiden,poi,White Greattree Haven,,-11165.00,677.00,945.00
Node_Kwe_ThickRootHideout,Kweiden,monster_lair,Thick Root Hideout,굵은뿌리 은신처,-9407.00,649.00,-404.00
Node_Kwe_WideRootHideout,Kweiden,monster_lair,Wide Root Hideout,넓은뿌리 은신처,-10415.00,675.00,-1165.00
Node_Kwe_TangledRootHideout,Kweiden,monster_lair,Tangled Root Hideout,뒤엉킨뿌리 은신처,-9937.00,693.00,748.00
Node_Her_SanctumOfPenitence,Hernand,poi,Sanctum of Penitence,회개의 성소,-9397.00,598.00,-5000.00
Node_Her_SanctumOfTemperance,Hernand,poi,Sanctum of Temperance,금욕의 성소,-9971.00,596.00,-4877.00
Node_Her_SanctumOfAtonement,Hernand,poi,Sanctum of Atonement,참회의 성소,-11466.00,811.00,-3219.00
Node_Her_SanctumOfDeliverance,Hernand,poi,Sanctum of Deliverance,구원의 성소,-10667.00,744.00,-2554.00
Node_Her_SanctumOfBenediction,Hernand,poi,Sanctum of Benediction,축복의 성소,-12424.00,1054.00,-3554.00
Node_Her_SanctumOfExpiation,Hernand,poi,Sanctum of Expiation,속죄의 성소,-9198.00,764.00,-1662.00
Node_Del_SanctumOfMortification,Delesyia,poi,Sanctum of Mortification,고행의 성소,-7617.00,602.00,-2066.00
Node_Dem_SanctumOfRenunciation,Demeniss,poi,Sanctum of Renunciation,약조의 성소,-5146.00,521.00,-2305.00
Node_Del_Temple_0014,Delesyia,shrine,Temple 0014,,-3193.00,469.00,-5609.00
Node_Del_Temple_0015,Delesyia,shrine,Temple 0015,,-3429.00,400.00,-4493.00
Node_Del_SanctumOfVeneration,Delesyia,poi,Sanctum of Veneration,추앙의 성소,-4045.00,545.00,-5101.00
Node_Del_SanctumOfDevotion,Delesyia,poi,Sanctum of Devotion,헌신의 성소,-6478.00,566.00,-5130.00
Node_Kwe_SanctumOfExaltation,Kweiden,poi,Sanctum of Exaltation,찬가의 성소,-10333.00,794.00,583.00
Node_Her_SanctumOfSolace,Hernand,poi,Sanctum of Solace,위안의 성소,-10490.00,847.00,-639.00
Node_Her_SanctumOfAbsolution,Hernand,poi,Sanctum of Absolution,면죄의 성소,-11795.00,1009.00,-5900.00
Node_Dem_SanctumOfRevelation,Demeniss,poi,Sanctum of Revelation,계시의 성소,-7170.00,417.00,-4255.00
Node_Her_SpireOfTheStars,Hernand,poi,Spire of the Stars,별의 탑,-12043.00,1004.00,-4699.00
Node_Her_MindAltar,Hernand,shrine,Mind Altar,,-12098.28,1860.04,-4782.17
Node_Her_SecretGarden,Hernand,monster_lair,Secret Garden,비밀 정원,-12430.00,1794.00,-5235.00
Node_Her_VengeanceDoor,Hernand,poi,Vengeance Door,,-11156.41,1874.59,-6122.83
Node_Her_LonelyAltar,Hernand,shrine,Lonely Altar,,-11156.21,1832.42,-4134.20
Node_Dem_WisdomTower,Demeniss,tower,Wisdom Tower,,-9561.00,638.00,-5881.00
Node_Dem_MysterySquare,Demeniss,poi,Mystery Square,,-6341.00,1982.00,-3044.00
Node_Dem_SkyFragment,Demeniss,poi,Sky Fragment,,-5772.00,1792.00,-2697.00
Node_Crim_LifeCircles,Crimson,landmark,Life Circles,,-10511.42,1876.21,738.82
Node_Dem_JiJeongTower,Demeniss,tower,Ji Jeong Tower,,-7638.00,608.00,-4847.00
Node_Dem_JumpTower,Demeniss,tower,Jump Tower,,-8330.00,621.00,-1978.00
Node_Crim_CrescentSkyway,Crimson,landmark,Crescent Skyway,,-8479.28,1885.69,-2117.10
Node_Dem_BigRockCrown,Demeniss,landmark,Big Rock Crown,,-9017.00,1844.00,-1600.00
Node_Crim_SunTower,Crimson,tower,Sun Tower,,-7384.00,694.00,-571.00
Node_Crim_TombOfPeace,Crimson,tomb,Tomb Of Peace,,-8487.00,1792.00,-380.00
Node_DesertFragment,Unknown,poi,Node Desert Fragment,,-7912.40,1857.79,291.22
Node_Crim_TruthThrone,Crimson,landmark,Truth Throne,,-7060.00,1819.00,-1055.00
Node_Crim_DimensionMaze,Crimson,dungeon,Dimension Maze,,-7432.00,1998.00,-805.00
Node_Her_TruthRoot,Hernand,poi,Truth Root,,-10130.00,1857.00,-5946.00
Node_Dem_ChaosForest,Demeniss,forest,Chaos Forest,혼돈의 숲,-9780.76,1795.35,-6470.96
Node_Dem_SnakePath,Demeniss,poi,Snake Path,,-7893.00,1812.00,-5685.00
Node_Dem_GuruHaven,Demeniss,poi,Guru Haven,,-7957.00,1855.00,-5222.00
Node_Del_ClockTower,Delesyia,tower,Clock Tower,,-6374.00,554.00,-2477.00
Node_Del_BraveNest,Delesyia,monster_lair,Brave Nest,,-7826.70,1976.03,-500.51
Node_Del_FallenGateway,Delesyia,gate,Fallen Gateway,,-8160.57,1990.41,-1181.59
Node_Del_ThinkCore,Delesyia,poi,Think Core,,-6973.00,2902.00,-2934.00
Node_Kwe_SpireOfRingingTruth,Kweiden,poi,Spire of Ringing Truth,울림의 탑,-11858.00,900.00,-762.00
Node_Kwe_SkyRest,Kweiden,poi,Sky Rest,,-11879.00,1983.00,-775.00
Node_Kwe_SkyloopBridge,Kweiden,bridge,Skyloop Bridge,하늘고리 다리,-10874.71,1875.22,-1312.83
Node_Kwe_DarkTemple,Kweiden,shrine,Dark Temple,,-11133.00,1799.00,308.00
Node_Kwe_DreamTree,Kweiden,poi,Dream Tree,,-9788.00,1810.00,228.00
Node_Kwe_TestWay,Kweiden,poi,Test Way,,-11640.00,1994.00,949.00
Node_Dem_FrozenTower,Demeniss,tower,Frozen Tower,,-8487.00,623.00,-979.00
Node_Abyssone_0002,Abyss,abyss_node,0002,,-10583.00,1802.00,-3781.00
Node_Abyssone_0009,Abyss,abyss_node,0009,,-9391.00,2051.00,-2993.00
Node_Abyssone_0121,Abyss,abyss_node,0121,,-7018.00,1918.00,-450.00
Node_Abyssone_0001,Abyss,abyss_node,0001,,-10213.00,1825.00,-4066.00
Node_Abyssone_0013,Abyss,abyss_node,0013,,-8920.31,2202.41,-4927.26
Node_Abyssone_0144,Abyss,abyss_node,0144,,-8352.11,1821.40,-4785.19
Node_Abyssone_0036,Abyss,abyss_node,0036,,-4320.67,1931.07,-1642.71
Node_Abyssone_0055,Abyss,abyss_node,0055,,-10610.00,1933.00,-1726.00
Node_Abyssone_0089,Abyss,abyss_node,0089,,-12292.00,2070.00,-3177.00
Node_Abyssone_0113,Abyss,abyss_node,0113,,-5029.00,1867.00,-1929.00
Node_Abyssone_0158,Abyss,abyss_node,0158,,-10518.00,1841.00,-5204.00
Node_Abyssone_0200,Abyss,abyss_node,0200,,-5932.12,2005.05,468.62
Node_Abyssone_0201,Abyss,abyss_node,0201,,-8084.75,1959.39,-3587.20
Node_Abyssone_End_0001,Abyss,abyss_node,End 0001,,-7764.00,2516.00,-2326.00
Node_Del_GearworkGate,Delesyia,gate,Gearwork Gate,,-4272.00,732.00,-5196.00
Node_Abyss_SteelSail,Abyss,abyss_poi,Steel Sail,,-3506.00,1889.00,-5461.00
Node_Abyss_SkyPillars,Abyss,abyss_poi,Sky Pillars,,-4822.00,1953.00,-5233.00
Node_Abyss_StreamSky,Abyss,abyss_poi,Stream Sky,,-5719.00,1874.00,-4028.00
Node_Abyss_RecordFleet,Abyss,abyss_poi,Record Fleet,,-3699.15,2028.82,-4566.29
Node_Abyss_MechHeart,Abyss,abyss_poi,Mech Heart,,-4310.00,1797.00,-4521.00
Node_Dem_EastGreyManeTemple,Demeniss,shrine,East Grey Mane Temple,,893.58,3574.84,62579.38
