name,region,type,x,y,z
Node_Her_Temporary_Camp,Hernand,camp,-10658.52,634.28,-3701.77
Node_Her_HernandCastle,Hernand,castle,948.00,520.00,218.00
Node_Her_HernandEastGate,Hernand,gate,-9588.00,573.00,-3967.00
Node_Her_HernandNorthGate,Hernand,gate,-9867.00,662.00,-1926.00
Node_Her_HowlingCave,Hernand,cave,-10437.00,763.00,-1693.00
Node_Her_BellanorHuntingGrounds,Hernand,poi,-10064.00,686.00,-1939.00
Node_Her_RoyalSupply_Hernand,Hernand,storage,-10673.00,635.00,-3728.00
Node_Her_BellanorBeacon,Hernand,beacon,-9671.00,707.00,-1911.00
Node_Her_HellwoodBeacon,Hernand,beacon,-9987.00,654.00,-3065.00
Node_Her_DeepForestBeacon,Hernand,beacon,-9337.00,683.00,-5954.00
Node_Her_TorchlightBeacon,Hernand,beacon,-10994.00,801.00,-3553.00
Node_Her_EmbernestBeacon,Hernand,beacon,-10284.00,641.00,-3381.00
Node_Her_RootFort,Hernand,fort,-10501.00,768.00,-2287.00
Node_Her_DivineTree,Hernand,poi,-10519.00,815.00,-2140.00
Node_Her_SpiderCastle,Hernand,castle,326.00,328.00,332.00
Node_Her_ArboriaCraftshop,Hernand,market,-9668.00,664.00,-2581.00
Node_Her_ArboriaVillage,Hernand,village,-10123.00,715.00,-2508.00
Node_Her_SaddlewindRanch,Hernand,ranch,-9604.00,665.00,-2496.00
Node_Her_WindcrestOutpost,Hernand,outpost,-9849.00,686.00,-2606.00
Node_Her_HillguardOutpost,Hernand,outpost,-10054.00,710.00,-2242.00
Node_Her_OakwatchOutpost,Hernand,outpost,-9910.00,691.00,-2228.00
Node_Her_FortHellwood,Hernand,fort,308.00,310.00,136.00
Node_Her_HellwoodInnerGate,Hernand,gate,-11042.00,706.00,-5494.00
Node_Her_HellwoodOuterGate,Hernand,gate,-10982.00,689.00,-5431.00
Node_Her_FortHellwood_Cliff_WatchTower,Hernand,fort,-11149.00,778.00,-5660.00
Node_Her_RiverwardOutpost,Hernand,outpost,1136.00,1152.00,1200.00
Node_Her_Riverward_SpearsendStation,Hernand,station,-10695.00,670.00,-2418.00
Node_Her_Riverward_ArroweyeStation,Hernand,station,-10815.00,672.00,-2271.00
Node_Her_Riverward_IronhoofStation,Hernand,station,-10954.00,677.00,-2034.00
Node_Her_Riverward_IronhammerStation,Hernand,station,-11017.00,679.00,-1961.00
Node_Her_DragonKillCastle,Hernand,castle,-9771.00,684.00,-1508.00
Node_Her_DrakefallWatchtowerArea,Hernand,tower,-9899.00,696.00,-1766.00
Node_Her_OakenshieldManor_Serkis,Hernand,manor,-10740.00,626.00,-3882.00
Node_Her_CapraPasture,Hernand,poi,-10818.00,610.00,-4012.00
Node_Her_SpringtideWatermill,Hernand,poi,-10442.00,539.00,-4213.00
Node_Her_HuntersHut,Hernand,hut,-11394.00,797.00,-2959.00
Node_Her_IvyVillage,Hernand,village,-11304.00,831.00,-3388.00
Node_Her_PeacefulFishingDock,Hernand,harbor,-11527.00,792.00,-3136.00
Node_Her_FortAnvil,Hernand,fort,-9945.00,615.00,-4027.00
Node_Her_HellwoodSlaveCamp,Hernand,camp,-9868.00,624.00,-3075.00
Node_Her_GreymaneCamp,Hernand,camp,-10498.00,609.00,-4413.00
Node_Her_WillkommPost,Hernand,poi,-10308.00,683.00,-2342.00
Node_Her_FraueCamp,Hernand,camp,-10142.00,665.00,-2840.00
Node_Her_BoomveldBombFactory,Hernand,workshop,-10327.00,669.00,-2594.00
Node_Her_BluemontManor_Rupert,Hernand,manor,-10691.00,619.00,-3889.00
Node_Her_BluemontWineHouse,Hernand,house,-10689.00,558.00,-4200.00
Node_Her_MuckrootRanch,Hernand,ranch,-10548.00,568.00,-4034.00
Node_Her_KarinQuarry,Hernand,poi,-10289.00,637.00,-3180.00
Node_Her_StreamsidePier,Hernand,harbor,-10084.00,517.00,-4397.00
Node_Her_BloomwoodRanch,Hernand,ranch,-10160.00,551.00,-4249.00
Node_Her_PervinFort,Hernand,fort,280.00,282.00,416.00
Node_Her_PervinGate,Hernand,gate,-11531.00,645.00,-5039.00
Node_Her_PervinQuarry,Hernand,poi,-11421.00,623.00,-4887.00
Node_Her_MeshleyTrapMaker,Hernand,poi,-11295.00,621.00,-4819.00
Node_Her_PervinTradePost,Hernand,trade,-11222.00,611.00,-4688.00
Node_Her_PervinPrisonCamp,Hernand,camp,-11297.00,606.00,-5084.00
Node_Her_Pervin_WatchTower,Hernand,tower,-11417.00,620.00,-5013.00
Node_Her_LioncrestManor_Alfonso,Hernand,manor,-10821.00,650.00,-3748.00
Node_Her_TimberhamLumbermill,Hernand,poi,-10968.00,663.00,-3935.00
Node_Her_TimberhamSawmill,Hernand,sawmill,-10926.00,624.00,-3999.00
Node_Her_EquinsherSaddlery,Hernand,poi,-10304.00,546.00,-4190.00
Node_Her_TimberWagonFactory,Hernand,workshop,-9971.00,527.00,-4363.00
Node_Her_FortWarspike,Hernand,fort,256.00,258.00,260.00
Node_Her_PhonielRanch,Hernand,ranch,-11365.00,635.00,-4508.00
Node_Her_WarspikeSpearmaker,Hernand,poi,-11410.00,667.00,-4228.00
Node_Her_WarspikeEastGate,Hernand,gate,-11520.00,704.00,-3973.00
Node_Her_WarspikeSouthGate,Hernand,gate,-11595.00,674.00,-4184.00
Node_Her_WarspikeNorthGate,Hernand,gate,-11668.00,712.00,-4059.00
Node_Her_GreystoneManor_Felix,Hernand,manor,-10534.00,607.00,-3870.00
Node_Her_WycliffeMappery,Hernand,landmark,-10538.00,598.00,-3450.00
Node_Her_RodbelFishingDock,Hernand,harbor,-10231.00,540.00,-3987.00
Node_Her_InksworthPrinter,Hernand,poi,-11160.00,572.00,-4573.00
Node_Her_CoalvaleWorkshop,Hernand,workshop,-9839.00,563.00,-4623.00
Node_Her_SouthQuarry,Hernand,poi,-9570.00,590.00,-4648.00
Node_Her_GoldleafGuildhouse,Hernand,guild,-10009.00,617.00,-4709.00
Node_Her_GoldleafTradepost,Hernand,trade,-10328.84,551.26,-4238.32
Node_Her_GoldenFistsArena,Hernand,arena,-10766.00,557.00,-4255.00
Node_Her_GoldleafGuildhouse_Trader_Base,Hernand,trade,-10020.00,619.00,-4685.00
Node_Dem_GoldenTradePost,Demeniss,trade,-8803.00,543.00,-2774.00
Node_Dem_GoldleafGuildhouse_Trader_Demeniss,Demeniss,trade,-8803.00,543.00,-2865.00
Node_Her_North_GoldleafBlackMarket,Hernand,market,-10415.00,639.00,-3320.00
Node_Her_East_GoldleafBlackMarket,Hernand,market,-9762.00,554.00,-3264.00
Node_Her_Cal_GoldleafBlackMarket,Hernand,market,-11461.00,800.00,-3510.00
Node_Dem_GoldleafBlackMarket,Demeniss,market,-9027.00,507.00,-4819.00
Node_Her_ScholastoneInstitute,Hernand,laboratory,212.00,213.00,210.00
Node_Her_KilndenKukuWorkshop,Hernand,workshop,-11148.00,727.00,-3875.00
Node_Her_KukuSupplyTent,Hernand,storage,-11312.00,703.00,-4016.00
Node_Her_ScholastoneArchive,Hernand,poi,-12065.00,856.00,-5021.00
Node_Her_VelluaVillage,Hernand,village,219.00,220.00,221.00
Node_Her_VelluaFirstManGrave,Hernand,tomb,-10078.00,557.00,-5845.00
Node_Her_RichFishingSite,Hernand,poi,-10050.00,352.00,-5977.00
Node_Her_ForentinHut,Hernand,hut,-10479.00,552.00,-5652.00
Node_Her_TheFlyingCatfish,Hernand,poi,-10216.00,363.00,-6272.00
Node_Her_PororinVillage,Hernand,village,223.00,224.00,225.00
Node_Her_ReachwoodRuins,Hernand,ruins,-10176.00,576.00,-5228.00
Node_Her_FlorindaleVillage,Hernand,village,-10139.00,569.00,-5072.00
Node_Her_PetaltonWorkshop,Hernand,workshop,-10062.00,561.00,-5266.00
Node_Her_ShakeForest,Hernand,forest,-9022.00,467.00,-4999.00
Node_Her_KharonsoVillage,Hernand,village,-12168.00,789.00,-5472.00
Node_Her_NectarwoodBeeFarm,Hernand,farm,-12302.00,789.00,-5529.00
Node_Her_KharonsoLake,Hernand,water,-12366.00,738.00,-5032.00
Node_Her_GlenbrightManor_Grace,Hernand,manor,237.00,246.00,247.00
Node_Her_FlowerDustBeeFarm,Hernand,farm,-10905.00,602.00,-5135.00
Node_Her_WindHillFactory,Hernand,workshop,-10558.00,612.00,-5164.00
Node_Her_GlenbrightFarm,Hernand,farm,-10629.00,644.00,-5071.00
Node_Her_TotesmithLeatherMaker,Hernand,poi,-10739.00,629.00,-5255.00
Node_Her_CemeteryofReeds,Hernand,tomb,-10745.00,628.00,-5449.00
Node_Her_HalsiusHospital,Hernand,poi,250.00,251.00,252.00
Node_Her_HalsiusTradePost,Hernand,trade,-9563.00,574.00,-4212.00
Node_Her_HalsiusDrugstore,Hernand,shop,-9826.00,573.00,-4155.00
Node_Her_HalsiusRanch,Hernand,ranch,-9195.00,501.00,-4136.00
Node_Her_Slum,Hernand,poi,-10944.00,598.00,-4117.00
Node_Her_BeggarsEnd,Hernand,poi,-10793.00,618.00,-3885.00
Node_Her_TheScrapfold,Hernand,poi,-10764.00,609.00,-3980.00
Node_Cal_CalphadeCastle,Calphade,castle,358.00,112.50,360.00
Node_Cal_CalphadeSouthGate,Calphade,gate,-11568.00,772.00,-2937.00
Node_Cal_CalphadeSouthEastGate,Calphade,gate,-11459.00,671.00,-2600.00
Node_Cal_CalphadeNorthGate,Calphade,gate,-11849.00,693.00,-1371.00
Node_Cal_CalphadeOutpost,Calphade,outpost,-11270.00,670.00,-2633.00
Node_Cal_CalphadeBeacon,Calphade,beacon,-11342.00,764.00,-2280.00
Node_Cal_CalphadeSouthDepot,Calphade,storage,-11647.00,699.00,-2318.00
Node_Cal_CalphadeNorthDepot,Calphade,monster_lair,-11467.00,682.00,-1721.00
Node_Cal_CalphadeRefinery,Calphade,workshop,-11607.00,672.00,-2470.00
Node_Cal_CalphadeGunpowderFactory,Calphade,workshop,-11503.00,682.00,-2242.00
Node_Cal_CalphadeLoggingCamp,Calphade,camp,-11546.00,702.00,-1888.00
Node_Cal_ThalwyndVillage,Calphade,village,-11862.00,685.00,-2158.00
Node_Cal_CalphadeTrainingField,Calphade,military,-12033.00,751.00,-1518.00
Node_Cal_CalphadeFarm,Calphade,farm,-11916.00,723.00,-1704.00
Node_Cal_SouthWatch_Post,Calphade,watch_post,-11667.00,745.00,-2674.00
Node_Cal_CalphadeArtilery_I,Calphade,military,-11663.00,745.00,-2656.00
Node_Cal_SouthBorder_Post,Calphade,watch_post,-11798.00,690.00,-2428.00
Node_Cal_CalphadeArtilery_II,Calphade,military,-11860.00,727.00,-2451.00
Node_Cal_CenterBorder_Post,Calphade,watch_post,-12026.00,716.00,-2092.00
Node_Cal_CalphadeArtilery_III,Calphade,military,-11987.00,715.00,-2097.00
Node_Cal_NorthBorder_Post,Calphade,watch_post,-12141.00,756.00,-1634.00
Node_Cal_CalphadeArtilery_IV,Calphade,military,-12107.00,757.00,-1647.00
Node_Cal_WolfFang_Mine,Calphade,mine,-10962.00,705.00,-2191.00
Node_Cal_WolfFang_Watch,Calphade,watch_post,-11107.00,813.00,-2238.00
Node_Her_WolfFang_Edge_WatchTower,Hernand,tower,-11167.00,738.00,-1951.00
Node_Dem_ForestAltar,Demeniss,shrine,-8612.00,489.00,-4940.00
Node_Her_WitchHouse,Hernand,house,-11475.00,646.00,-4592.00
Node_Pailune_Witch,Unknown,poi,-9984.00,667.00,-339.00
Node_Kwe_RedLake,Kweiden,water,-10896.00,904.00,418.00
Node_Wayward_Woods_Witch,Unknown,poi,-11339.00,781.00,-705.00
Node_Her_Region_Cave_0079,Hernand,cave,-10753.00,626.00,-3443.00
Node_Her_HernandChurch,Hernand,shrine,-10506.00,602.00,-3887.00
Node_Her_VelluaChurch,Hernand,shrine,-10451.00,367.00,-5995.00
Node_Cal_CalphadeChurch,Calphade,shrine,-11879.00,697.00,-2025.00
Node_Her_RuinedChapel,Hernand,poi,-9880.00,585.00,-5835.00
Node_Her_CastlewoodRuins,Hernand,castle,-10042.00,600.00,-5423.00
Node_Her_DeepForest,Hernand,forest,-9755.00,615.00,-5513.00
Node_Her_SeniaVillage,Hernand,village,-11076.00,671.00,-5232.00
Node_Her_SeniaVillageWaterwheel,Hernand,village,-11004.49,664.85,-5273.91
Node_Her_SeniaLift,Hernand,poi,-11139.92,672.37,-5267.24
Node_Dem_DemenissCastle,Demeniss,castle,552.00,139.00,528.00
Node_Dem_RoyalTomb,Demeniss,tomb,-7319.00,536.00,-3542.00
Node_Dem_SouthDemenissGate,Demeniss,gate,-8601.00,476.00,-4150.00
Node_Dem_WestDemenissGate,Demeniss,gate,-9082.00,548.00,-3852.00
Node_Dem_DemenissZoo,Demeniss,poi,-8126.00,499.00,-3713.00
Node_Dem_DemenissPolice,Demeniss,poi,-8120.00,528.00,-3400.00
Node_Dem_RoyalSupply_Demeniss,Demeniss,storage,-8038.00,521.00,-3229.00
Node_Dem_PecusRanch,Demeniss,ranch,-8197.00,507.00,-3655.00
Node_Dem_GrassfieldRanch,Demeniss,ranch,-8414.00,483.00,-3856.00
Node_Dem_SouthWagonFactory,Demeniss,workshop,-8263.00,496.00,-3728.00
Node_Dem_ScorchrockCastle,Demeniss,castle,-8717.00,538.00,-4008.00
Node_Dem_TheLaughingMarionette,Demeniss,poi,-8212.00,530.00,-3217.00
Node_Dem_DemenissArmory,Demeniss,poi,3328.00,3344.00,3360.00
Node_Dem_DemArmyBase,Demeniss,poi,-6033.00,433.00,-3041.00
Node_Dem_DemArmyCamp,Demeniss,camp,-6543.00,532.00,-2608.00
Node_Dem_BrokenHouse,Demeniss,house,-6270.00,395.00,-3257.00
Node_Dem_TowerRuins,Demeniss,ruins,-6261.00,451.00,-2868.00
Node_Crim_FortMusket,Crimson,fort,432.00,438.00,640.00
Node_Crim_Musket1Outpost,Crimson,outpost,-6556.00,540.00,-2196.00
Node_Crim_MusketArtilery_I,Crimson,military,-6298.00,552.00,-1995.00
Node_Crim_Musket2Outpost,Crimson,outpost,-6815.00,540.00,-2316.00
Node_Crim_FortMusket_Trainingfield,Crimson,fort,-6556.00,540.00,-2196.00
Node_Crim_Wall_Supply,Crimson,storage,-6877.00,546.00,-2194.00
Node_Crim_Musket_UltimateWeapon_I,Crimson,military,-6961.00,586.00,-1849.00
Node_Crim_Musket_UltimateWeapon_II,Crimson,military,-6853.00,620.00,-1696.00
Node_Crim_Musket_UltimateWeapon_III,Crimson,military,-6569.00,604.00,-1570.00
Node_Dem_WestCourt,Demeniss,poi,-8481.00,525.00,-2930.00
Node_Dem_SouthCourt,Demeniss,poi,-8572.00,563.00,-3630.00
Node_Dem_EastCourt,Demeniss,poi,-6678.00,473.00,-3067.00
Node_Dem_AzerianManor,Demeniss,manor,454.00,456.00,458.00
Node_Dem_PurringtonFarm,Demeniss,farm,-8963.00,597.00,-3186.00
Node_Dem_HayscentFarm,Demeniss,farm,-9209.00,592.00,-3309.00
Node_Dem_LacusFarm,Demeniss,farm,-8588.00,546.00,-3348.00
Node_Dem_CanalsideFarm,Demeniss,farm,-8473.00,534.00,-3258.00
Node_Dem_RustleleafFarm,Demeniss,farm,-8778.00,534.00,-3594.00
Node_Dem_FrameVillage,Demeniss,village,-8355.00,530.00,-3350.00
Node_Dem_Flame_Knights,Demeniss,poi,-9010.00,608.00,-2966.00
Node_Dem_SungroveManor_Marcella,Demeniss,manor,472.00,836.00,478.00
Node_Dem_BlueGoldDyehouse,Demeniss,house,-8263.00,511.00,-3029.00
Node_Dem_KingMountainDigSite,Demeniss,poi,-9025.00,647.00,-2210.00
Node_Dem_ClearBellFarm,Demeniss,farm,-8101.00,514.00,-2996.00
Node_Dem_GreenfieldFarm,Demeniss,farm,-8502.00,522.00,-3038.00
Node_Dem_StonewellFarm,Demeniss,farm,-9237.00,644.00,-2734.00
Node_Dem_CowbellRanch,Demeniss,ranch,-8274.00,524.00,-2878.00
Node_Dem_BrookfieldManor_Elemore,Demeniss,manor,486.00,490.00,492.00
Node_Dem_HayroofFarm,Demeniss,farm,-6794.00,545.00,-2509.00
Node_Dem_JoyfairMarketplace,Demeniss,market,-6938.00,479.00,-3023.00
Node_Dem_JoyfairMarketplace_Food_Trader,Demeniss,trade,-6850.00,482.00,-2972.00
Node_Dem_SlopeseedFarm,Demeniss,farm,-7576.00,510.00,-3339.00
Node_Dem_WhitemillFarm,Demeniss,farm,-7018.00,538.00,-2686.00
Node_Dem_SundellFarm,Demeniss,farm,-7890.00,523.00,-3132.00
Node_Dem_SunharvestFarm,Demeniss,farm,-7334.00,495.00,-2986.00
Node_Dem_SeedrowFarm,Demeniss,farm,-7368.00,517.00,-2784.00
Node_Dem_CattlefoldRanch,Demeniss,ranch,-7882.00,522.00,-2956.00
Node_Dem_GreenpondFarm,Demeniss,farm,-7260.00,542.00,-2628.00
Node_Dem_SunsetDyehouse,Demeniss,house,-7543.00,512.00,-3119.00
Node_Dem_StronghoofHorseGearMaker,Demeniss,poi,-7592.00,518.00,-2809.00
Node_Dem_VinewoodWinery,Demeniss,poi,-7134.00,472.00,-3109.00
Node_Dem_IronbarrelWeaponFactory,Demeniss,workshop,-6978.00,457.00,-3363.00
Node_Dem_BulwarkWeaponFactory,Demeniss,workshop,-6772.00,454.00,-3316.00
Node_Dem_BulwarkWeaponFactory_Mineral_Trader,Demeniss,mine,-6777.00,454.00,-3349.00
Node_Dem_StronghelmFactory,Demeniss,workshop,-6633.00,450.00,-3282.00
Node_Dem_WindmereManor_Byron,Demeniss,manor,4416.00,672.00,676.00
Node_Dem_HiddenEstate,Demeniss,monster_lair,-8441.00,544.00,-2218.00
Node_Dem_BurnhandQuarry,Demeniss,poi,-8707.00,513.00,-2490.00
Node_Dem_SpringdaleFarm,Demeniss,farm,-7915.00,545.00,-2391.00
Node_Dem_GoldenHoofHorseRace,Demeniss,monster_lair,-7205.00,547.00,-2274.00
Node_Dem_HoneywoodBeeFarm,Demeniss,farm,-8266.00,547.00,-2449.00
Node_Dem_RockedgeMill,Demeniss,landmark,-8154.00,561.00,-2246.00
Node_Dem_DemenissHorseMarket,Demeniss,market,-7615.00,527.00,-2605.00
Node_Dem_ReventineDigSite,Demeniss,poi,-8901.00,603.00,-2248.00
Node_Dem_WheelsmithWagonFactory,Demeniss,workshop,-8236.00,518.00,-2750.00
Node_Dem_SwiftStables,Demeniss,poi,-7438.00,537.00,-2530.00
Node_Dem_Moonlake,Demeniss,water,-8621.00,542.00,-2117.00
Node_Dem_HiddenGroveRanch,Demeniss,ranch,-7898.00,528.00,-2680.00
Node_Dem_HiddenGroveRanch_Timber_Trader,Demeniss,ranch,-7891.00,530.00,-2690.00
Node_Dem_NorthOutpost,Demeniss,outpost,-7635.00,542.00,-2319.00
Node_Dem_ThornRoseFort,Demeniss,fort,1704.00,1712.00,1848.00
Node_Dem_ThornRoseGuardPost,Demeniss,poi,-8748.00,508.00,-5444.00
Node_Dem_ThornRoseSouthGate,Demeniss,gate,-8492.55,537.60,-6013.43
Node_Dem_ThornRoseFoodStorage,Demeniss,storage,-8509.00,543.00,-5613.00
Node_Dem_ThornRoseOutpost,Demeniss,outpost,-8592.00,552.00,-5714.00
Node_Dem_ThornRoseNorthGate,Demeniss,gate,-8617.00,496.00,-5375.00
Node_Dem_ThornRoseRiversidePost,Demeniss,water,-8459.00,458.00,-5255.00
Node_Dem_MoonRiverExpeditionCamp,Demeniss,camp,-8318.00,449.00,-5290.00
Node_Dem_NightExpeditionCamp,Demeniss,camp,-8069.00,450.00,-5498.00
Node_Dem_ThornRoseSuppliesStorageCentral,Demeniss,storage,-8325.00,568.00,-5706.00
Node_Dem_ThornRoseSuppliesStorageNorth,Demeniss,storage,-8539.00,532.00,-5432.00
Node_Dem_IronStronghold,Demeniss,stronghold,1648.00,1656.00,1672.00
Node_Dem_TombstoneWorkshop,Demeniss,workshop,-8225.00,494.00,-4539.00
Node_Dem_IronwoodPottery,Demeniss,poi,-8361.00,451.00,-4724.00
Node_Dem_IronwoodFarm,Demeniss,farm,-8573.00,465.00,-4747.00
Node_Dem_IronwoodFarmhouse,Demeniss,farm,-8355.00,459.00,-4805.00
Node_Dem_BloodsteelCamp,Demeniss,camp,-8921.00,627.00,-5946.00
Node_Dem_BloodsteelNorthGate,Demeniss,gate,-9146.00,565.00,-5707.00
Node_Dem_BloodsteelSouthGate,Demeniss,gate,-8910.00,573.00,-6088.00
Node_Dem_TarivVillage,Demeniss,village,-8208.00,556.00,-1655.00
Node_Dem_HexeSanctuary,Demeniss,poi,1160.00,1064.00,1088.00
Node_Dem_HollowHaven,Demeniss,landmark,-7940.00,558.00,-1643.00
Node_Dem_UrnGrave,Demeniss,tomb,-7899.00,605.00,-1465.00
Node_Dem_ForgottenTomb,Demeniss,tomb,-7886.00,561.00,-1581.00
Node_Dem_SulfurSprings,Demeniss,water,-8041.00,555.00,-1544.00
Node_Dem_SulfurLake_WatchTower,Demeniss,tower,-7593.00,677.00,-1591.00
Node_Dem_TruthGate,Demeniss,gate,1248.00,1256.00,1264.00
Node_Dem_RoofRock,Demeniss,landmark,-8893.00,701.00,-1626.00
Node_Dem_TalkingRock,Demeniss,landmark,-8908.00,696.00,-1749.00
Node_Dem_SurpriseRock,Demeniss,landmark,-8618.00,634.00,-1492.00
Node_Dem_CryingRock,Demeniss,landmark,-8751.00,638.00,-1310.00
Node_Dem_ClockRock,Demeniss,landmark,-8506.00,611.00,-1727.00
Node_Dem_RootRock,Demeniss,landmark,-8884.00,615.00,-2117.00
Node_Dem_CandleRock,Demeniss,landmark,-9146.00,725.00,-1961.00
Node_Dem_SilvermoonHQ,Demeniss,poi,1616.00,1624.00,1632.00
Node_Dem_HuntersCabin,Demeniss,house,-6766.00,406.00,-3832.00
Node_Dem_SmugglersDock,Demeniss,harbor,-7252.00,402.00,-3855.00
Node_Dem_OakBarrelWineMaker,Demeniss,poi,-6802.00,437.00,-3587.00
Node_Dem_SilvermoonTroll_Trader_Demeniss,Demeniss,trade,-6992.00,360.00,-3880.00
Node_Dem_DemenissCathedral,Demeniss,poi,716.00,720.00,724.00
Node_Dem_EastDemenissChurch,Demeniss,shrine,-6840.00,474.00,-3097.00
Node_Dem_WestDemenissChurch,Demeniss,shrine,-8413.00,526.00,-2774.00
Node_Dem_DemenissOrphanage,Demeniss,poi,-8412.00,536.00,-2639.00
Node_Dem_ReventineMonastery,Demeniss,poi,-9424.00,616.00,-2990.00
Node_Dem_ReventineWinery,Demeniss,poi,-9468.00,616.00,-2997.00
Node_Del_DelesyiaChurch,Delesyia,shrine,-4363.00,396.00,-3891.00
Node_Dem_JijeongTemple,Demeniss,shrine,780.00,920.00,936.00
Node_Dem_Seonangdang,Demeniss,poi,-7174.00,418.00,-4429.00
Node_Dem_JijeongGrotto,Demeniss,poi,-7518.00,455.00,-4603.00
Node_Dem_BambooForest,Demeniss,forest,-7275.00,423.00,-4445.00
Node_Dem_JiJeongRock,Demeniss,landmark,-7219.00,520.00,-4606.00
Node_Dem_HiddenCave,Demeniss,cave,-7392.00,432.00,-4663.00
Node_Dem_GrayRockShipyard,Demeniss,landmark,-9420.00,652.00,-2116.00
Node_Dem_GrayRockQuarry,Demeniss,landmark,-9279.00,668.00,-2120.00
Node_Del_DelesyiaCastle,Delesyia,castle,-4402.57,435.12,-3807.91
Node_Del_PortDelesyia,Delesyia,harbor,-4257.00,357.00,-4016.00
Node_Del_RoyalSupply_Delesyia,Delesyia,storage,-4281.00,353.00,-4057.00
Node_Del_DelesyiaNorthGate,Delesyia,gate,-5539.00,477.00,-3847.00
Node_Del_DelesyiaBeacon,Delesyia,beacon,-3870.00,557.00,-5519.00
Node_Del_DelesyiaSouthGate,Delesyia,gate,-5160.00,398.00,-4760.00
Node_Del_Abyss_Ruins,Delesyia,ruins,-3769.00,426.00,-4889.00
Node_Del_MarniWorkshop,Delesyia,workshop,124.50,125.00,126.00
Node_Del_SaltMine,Delesyia,mine,-4256.00,456.00,-5413.00
Node_Del_MarniCliffSecretBase,Delesyia,landmark,-4335.00,351.00,-5584.00
Node_Del_MarniWorkshopEastGate,Delesyia,gate,-3665.00,424.00,-5823.00
Node_Del_MarniWorkshopNorthEastGate,Delesyia,gate,-3768.00,483.00,-5638.00
Node_Del_MarniWorkshopFoodStorage,Delesyia,workshop,-3990.00,473.00,-5849.00
Node_Del_MarniWorkshopSaltStorage,Delesyia,workshop,-4251.00,454.00,-5432.00
Node_Del_MarniWorkshopLogisticsWarehouse,Delesyia,workshop,-3775.00,448.00,-5818.00
Node_Del_DelesyianInstitute,Delesyia,laboratory,-4398.00,383.00,-3941.00
Node_Del_MarniPark,Delesyia,poi,-4567.00,393.00,-4416.00
Node_Del_StonemireRuins,Delesyia,ruins,-4803.00,386.00,-4559.00
Node_Del_HawkstoneRuins,Delesyia,ruins,-4373.00,391.00,-4399.00
Node_Del_MarniMuseum,Delesyia,laboratory,-4591.00,396.00,-4563.00
Node_Del_StarVillage,Delesyia,village,-5109.00,386.00,-4311.00
Node_Del_StarVillageDigSite,Delesyia,village,-5097.00,393.00,-4579.00
Node_Del_SilverbrookRuins,Delesyia,ruins,-5289.00,393.00,-4037.00
Node_Del_FullharvestFarm,Delesyia,farm,-4952.00,386.00,-4285.00
Node_Del_RedWindTradingAssociation_Trader_Delesyia,Delesyia,trade,-4962.00,383.00,-4241.00
Node_Del_Timberton,Delesyia,poi,-4721.00,377.00,-4223.00
Node_Del_DelesyiaDyehouse,Delesyia,house,-4734.00,385.00,-4047.00
Node_Del_FinholdNetmakers,Delesyia,poi,-4432.00,378.00,-4220.00
Node_Del_ElderglenPlantation,Delesyia,farm,-4649.00,384.00,-4159.00
Node_Del_SweetbloomPlantation,Delesyia,farm,-4597.00,384.00,-4151.00
Node_Neut_GorthakIronMaker,Neutral,poi,108.50,109.00,109.50
Node_Neut_GorthakLoggingCamp,Neutral,camp,-6012.00,447.00,-4375.00
Node_Neut_GorthakStorage,Neutral,storage,-5696.00,543.00,-4042.00
Node_Neut_ZarganTankFactory,Neutral,workshop,-6458.00,433.00,-4095.00
Node_Neut_GrunlOutpost,Neutral,outpost,-6203.00,495.00,-3906.00
Node_Neut_EMPArtilery_I,Neutral,military,-5977.00,516.00,-4154.00
Node_Neut_KrallFoundry,Neutral,poi,-5860.00,562.00,-4064.00
Node_Neut_YulgarBeacon,Neutral,beacon,-5679.00,552.00,-4138.00
Node_Neut_BragokShipFactory,Neutral,workshop,-6064.00,439.00,-3702.00
Node_Neut_GorthakMushroomFarm,Neutral,farm,-5725.00,514.00,-4352.00
Node_Neut_Delpheon,Neutral,poi,1488.00,1528.00,852.00
Node_Neut_DelpheonWestCamp,Neutral,camp,-6661.00,423.00,-3677.00
Node_Neut_DelpheonNorthCamp,Neutral,camp,-6611.00,453.00,-3546.00
Node_Neut_FreeswordHouse,Neutral,house,-6539.00,442.00,-3446.00
Node_Del_DewhavenCastle,Delesyia,castle,118.50,119.00,119.50
Node_Del_WindroseFarm,Delesyia,farm,-5525.00,518.00,-5098.00
Node_Del_StonewardPort,Delesyia,harbor,-5228.00,355.00,-5325.00
Node_Del_SilvermoonTroll_Trader_Delesyia,Delesyia,trade,-5355.00,350.00,-5303.00
Node_Del_DewhavenEastGate,Delesyia,gate,-5232.00,406.00,-4856.00
Node_Del_DewhavenNorthGate,Delesyia,gate,-5980.00,463.00,-4508.00
Node_Del_SteelspikeWeaponStorage,Delesyia,storage,-5650.00,474.00,-4714.00
Node_Del_RustfieldScrapyard,Delesyia,poi,-5990.00,457.00,-4715.00
Node_Del_DewhavenLoggingCamp,Delesyia,camp,-6563.00,411.00,-4582.00
Node_Del_StonewardCastleRuins,Delesyia,castle,-5188.00,504.00,-5094.00
Node_Del_MistwoodLake,Delesyia,water,-5962.00,525.00,-4963.00
Node_Del_WindCliffFort,Delesyia,fort,115.50,116.50,116.00
Node_Del_AbandonedWyvernNest,Delesyia,monster_lair,-6726.00,521.00,-5356.00
Node_Del_DesolateWyvernNest,Delesyia,monster_lair,-6794.00,503.00,-5574.00
Node_Del_ForsakenWyvernNest,Delesyia,monster_lair,-6844.00,526.00,-5466.00
Node_Del_ForgottenWyvernNest,Delesyia,monster_lair,-6547.00,510.00,-5501.00
Node_Del_RedfoxTradePost,Delesyia,trade,-4677.00,415.00,-3185.00
Node_Del_CornfieldFarm,Delesyia,farm,-4860.00,404.00,-3067.00
Node_Del_StonebackCrabWetlands,Delesyia,poi,-4728.00,403.00,-2914.00
Node_Del_RivershackPier,Delesyia,harbor,-4838.00,352.00,-3488.00
Node_Del_FishersRest,Delesyia,poi,-4377.00,355.00,-3226.00
Node_Del_SnakeTemple,Delesyia,shrine,-7083.00,442.00,-5751.00
Node_Del_SpearBigRock,Delesyia,landmark,-7063.00,461.00,-5829.00
Node_Del_DaggerBigRock,Delesyia,landmark,-7138.00,488.00,-5549.00
Node_Del_ArrowBigRock,Delesyia,landmark,-7088.00,490.00,-5304.00
Node_Del_MarniOilRig,Delesyia,poi,-2975.00,379.00,-4122.00
Node_Neut_GoldenGoblinWineMaker,Neutral,monster_lair,-5621.00,539.00,-2622.00
Node_Neut_CacaoFarm,Neutral,farm,-5527.00,544.00,-2618.00
Node_Neut_BrewingFacility,Neutral,poi,-5603.00,538.00,-2592.00
Node_Neut_WineTradePost,Neutral,trade,-5656.00,467.00,-2760.00
Node_Crim_TimewornRuinss_Station,Crimson,ruins,-4541.00,595.00,-1037.00
Node_Crim_Rockshard_Mountain_Station,Crimson,station,-5141.00,674.00,-460.00
Node_Crim_Lonely_Desert_Station_I,Crimson,station,-5435.00,675.00,-682.00
Node_Crim_DuskwayCamp_Station,Crimson,camp,-4931.00,577.00,-1510.00
Node_Del_Chattering_Forest_Station,Delesyia,station,-5153.00,398.00,-3941.00
Node_Del_Eastern_Hills_Station,Delesyia,station,-5223.00,402.00,-4604.00
Node_Crim_Crimson_Mountains_Station,Crimson,station,-5935.00,686.00,-515.00
Node_Del_LoggingCampTransferStation,Delesyia,camp,-5920.00,464.00,-4620.00
Node_Del_NeutralZoneStation,Delesyia,station,-5939.00,452.00,-4376.00
Node_Del_Beardtree_Swamp_Station,Delesyia,station,-4796.00,413.00,-3024.00
Node_Del_Drywind_Valley_Station,Delesyia,station,-5256.00,445.00,-2668.00
Node_Del_Sandshift_Basin_Station,Delesyia,station,-4540.00,638.00,-728.00
Node_Crim_Lonely_Desert_Station_II,Crimson,station,-5411.00,676.00,-144.00
Node_Del_MechaloopStation,Delesyia,station,-4432.00,389.00,-4303.00
Node_Del_GoldleafGuildhouse_Trader_Delesyia,Delesyia,trade,-4395.00,385.00,-4272.00
Node_Del_MarniLab,Delesyia,laboratory,133.00,134.00,135.00
Node_Del_MarniLabGate,Delesyia,gate,-3458.00,364.00,-4833.00
Node_Del_LabWatchtower,Delesyia,tower,-3256.00,450.00,-4646.00
Node_Del_ExperimentFacility,Delesyia,laboratory,-3193.00,394.00,-4749.00
Node_Del_MarniMechFactory,Delesyia,workshop,155.00,156.00,157.00
Node_Del_WestOutpost,Delesyia,outpost,-4668.00,417.00,-4828.00
Node_Del_NorthOutpost,Delesyia,outpost,-4455.00,411.00,-4805.00
Node_Del_EastOutpost,Delesyia,outpost,-4324.00,418.00,-4810.00
Node_Del_Watchtower_I,Delesyia,tower,-4236.00,391.00,-4593.00
Node_Del_MarniAirLab,Delesyia,laboratory,-3446.00,418.00,-5816.00
Node_Del_ResearchBasePipe,Delesyia,research,-3415.00,443.00,-5549.00
Node_Del_SecretBaseFuelPipe,Delesyia,secret,-3195.00,407.00,-5285.00
Node_Del_ValvegardWallFort,Delesyia,fort,150.00,151.00,152.00
Node_Del_WallFortDrainagePipes,Delesyia,fort,-4748.00,350.00,-5494.00
Node_Del_WallFortConverter,Delesyia,fort,-4762.00,437.00,-5368.00
Node_Del_ReceivingStationOne,Delesyia,station,-4740.00,523.00,-5195.00
Node_Del_ReceivingStationTwo,Delesyia,station,-4636.00,515.00,-5231.00
Node_Neut_MarnisOutpost,Neutral,outpost,-5404.00,392.00,-3372.00
Node_Neut_SolonVillageRuins,Neutral,village,-5581.00,409.00,-3228.00
Node_Neut_SolonTownHallRuins,Neutral,ruins,-5493.00,422.00,-3133.00
Node_Neut_NeutralZoneGate,Neutral,gate,-5544.00,439.00,-3591.00
Node_Del_BenusThiefCamp,Delesyia,camp,-3674.00,464.00,-5372.00
Node_Del_StonecliffRuins,Delesyia,ruins,-4733.00,432.00,-2777.00
Node_Del_SwampRuins,Delesyia,ruins,-4652.00,396.00,-2853.00
Node_Kwe_Pailune,Kweiden,poi,207.00,208.00,211.00
Node_Kwe_PailuneEastGate,Kweiden,gate,-9555.00,618.00,-809.00
Node_Kwe_PailuneSouthGate,Kweiden,gate,-9959.00,644.00,-1356.00
Node_Kwe_Watergate,Kweiden,gate,-9591.00,620.00,-618.00
Node_Kwe_PailuneBeacon,Kweiden,beacon,-10088.00,768.00,-645.00
Node_Kwe_SequoiaForest,Kweiden,forest,-9886.00,714.00,-942.00
Node_Kwe_PailuneSecretSafe,Kweiden,secret,-10365.00,721.00,835.00
Node_Kwe_ValgrindTomb,Kweiden,tomb,-9711.00,667.00,472.00
Node_Kwe_PailuneCouncil,Kweiden,poi,-9648.00,661.00,206.00
Node_Kwe_PailuneHospital,Kweiden,poi,-9836.00,649.00,131.00
Node_Kwe_PailuneBarracks,Kweiden,military,-9716.00,664.00,298.00
Node_Kwe_FortAskelundGate,Kweiden,fort,-11244.00,781.00,103.00
Node_Kwe_VatnhollFortress,Kweiden,fort,-12258.00,730.00,-840.00
Node_Kwe_CampBjornlund,Kweiden,camp,-11707.00,699.00,-1234.00
Node_Kwe_SteinnfellFortress,Kweiden,fort,1296.00,616.00,386.00
Node_Kwe_SteinnfellFortress_Gate,Kweiden,fort,-11148.00,792.00,-1285.00
Node_Kwe_SteinnfellBarracks,Kweiden,inn,-11055.00,789.00,-1378.00
Node_Kwe_TrovakCamp,Kweiden,camp,-11029.00,686.00,-1829.00
Node_Kwe_PailuneCampsite,Kweiden,camp,-9885.00,662.00,238.00
Node_Kwe_DoubleStepPass,Kweiden,landmark,-9770.00,641.00,-1183.00
Node_Kwe_RidgePath,Kweiden,poi,-10154.00,648.00,-1158.00
Node_Kwe_WildhuntCamp,Kweiden,camp,-10536.00,690.00,911.00
Node_Kwe_Brokenford,Kweiden,poi,-9604.00,622.00,-477.00
Node_Kwe_BeighenVillage,Kweiden,village,488.00,496.00,2496.00
Node_Kwe_BeighenCandlery,Kweiden,poi,-9379.00,616.00,-846.00
Node_Kwe_BeighenBasketMaker,Kweiden,poi,-9447.00,619.00,-1091.00
Node_Kwe_BlackwallFord,Kweiden,poi,-9178.30,616.99,-809.53
Node_Dem_EyeOfIceAltar,Demeniss,shrine,-8380.00,653.00,-838.00
Node_Dem_FrostFort,Demeniss,fort,-8626.00,643.00,-1169.00
Node_Dem_FrostholdEntrance,Demeniss,monster_lair,-8666.00,638.00,-1291.00
Node_Dem_FrostholdPass,Demeniss,landmark,-8655.00,643.00,-1028.00
Node_Kwe_SkoghornVillage,Kweiden,village,242.00,243.00,244.00
Node_Kwe_QuietSnowShelter,Kweiden,poi,-12759.00,940.00,-280.00
Node_Kwe_SkoghornWharf,Kweiden,poi,-12287.00,704.00,-230.00
Node_Kwe_SkoghornRanch,Kweiden,ranch,-12058.00,708.00,-301.00
Node_Kwe_SkoghornFarm,Kweiden,farm,-12136.00,702.00,-439.00
Node_Kwe_LongleafTreeVillage,Kweiden,village,436.00,440.00,442.00
Node_Kwe_LongbranchVillage,Kweiden,village,-11285.00,725.00,816.00
Node_Kwe_LongrootsVillage,Kweiden,village,-11348.00,791.00,331.00
Node_Kwe_RidgehunterLeatherMaker,Kweiden,poi,-11488.00,722.00,-406.00
Node_Kwe_SvinholtRanch,Kweiden,ranch,-10106.00,749.00,813.00
Node_Kwe_HorpbothHarpoonery,Kweiden,poi,-9993.00,655.00,1147.00
Node_Kwe_WolfsnareTrapsmith,Kweiden,poi,-10151.00,748.00,757.00
Node_Kwe_SkallcoveVillage,Kweiden,village,-9594.00,641.00,797.00
Node_Kwe_TotemfeltVillage,Kweiden,village,-9758.00,670.00,535.00
Node_Kwe_VannsteinLake,Kweiden,water,-9948.00,661.00,573.00
Node_Kwe_WindsongMountain,Kweiden,poi,-9214.00,789.00,1197.00
Node_Kwe_DangsanTree,Kweiden,poi,-9508.00,642.00,903.00
Node_Kwe_OdeckVillage,Kweiden,village,340.00,342.00,344.00
Node_Kwe_OdeckPier,Kweiden,harbor,-10663.00,658.00,1103.00
Node_Kwe_BolviorRuins,Kweiden,ruins,-10801.00,690.00,1342.00
Node_Kwe_VerheimRuins,Kweiden,ruins,-11174.00,682.00,1016.00
Node_Kwe_BolsteinnRuins,Kweiden,ruins,-10743.00,716.00,842.00
Node_Kwe_StjarRuins,Kweiden,ruins,-10948.00,691.00,926.00
Node_Kwe_KnytlingarRuins,Kweiden,ruins,-11144.00,684.00,1447.00
Node_Kwe_OdeckWaterGate,Kweiden,gate,-10839.00,665.00,1217.00
Node_Kwe_GeneralTomb,Kweiden,tomb,-11782.00,791.00,1016.00
Node_Kwe_AshclawKeep,Kweiden,poi,604.00,608.00,612.00
Node_Kwe_AshclawOutpost,Kweiden,outpost,-10307.00,811.00,357.00
Node_Kwe_AshclawGate,Kweiden,gate,-10391.00,854.00,268.00
Node_Kwe_AshclawSlaveCamp,Kweiden,camp,-10524.00,919.00,218.00
Node_Kwe_HarpyNest,Kweiden,monster_lair,-10958.00,1043.00,-461.00
Node_Kwe_DestructionTower,Kweiden,tower,-11647.00,797.00,115.00
Node_Kwe_WhistleLeafFort,Kweiden,fort,-11572.00,805.00,636.00
Node_Crim_Tashkalp,Crimson,poi,3696.00,3712.00,3200.00
Node_Crim_GoldleafGuildhouse_Trader_Tashkalp,Crimson,trade,-6135.00,576.00,-1012.00
Node_Crim_WatermelonFarm,Crimson,farm,-6176.00,576.00,-1066.00
Node_Crim_TashkalpBeacon,Crimson,beacon,-4917.14,677.18,-1350.75
Node_Crim_RightEyeWatchtower,Crimson,tower,-5947.00,547.00,-1318.00
Node_Crim_LeftEyeWatchtower,Crimson,tower,-6263.00,550.00,-1377.00
Node_Crim_BoneArena,Crimson,arena,-6123.00,625.00,-844.00
Node_Crim_DuskwayCamp,Crimson,camp,-4994.00,578.00,-1454.00
Node_Crim_TashkalpCrossroadsStation,Crimson,station,-6096.00,665.00,-729.00
Node_Crim_CaledoraVillage,Crimson,village,-6280.00,639.00,-834.00
Node_Crim_RedRockFarm,Crimson,farm,-5949.00,574.00,-1056.00
Node_Crim_Varnia,Crimson,poi,-3743.07,718.55,3404.29
Node_Crim_TheAlabasterBridge,Crimson,bridge,-4137.00,603.00,3319.00
Node_Crim_Yakchal,Crimson,poi,-3527.00,655.00,3461.00
Node_Crim_VarniaTradePost,Crimson,trade,-3606.00,654.00,3557.00
Node_Crim_RoyalSupply_Varnia,Crimson,storage,-3606.00,652.00,3558.00
Node_Crim_VarniaSaltroadCamp,Crimson,camp,-4464.00,648.00,2329.00
Node_Crim_RedWindTradingAssociation_Trader_VarniaSaltroadCamp,Crimson,camp,-4464.00,648.00,2329.00
Node_Crim_Urdavah,Crimson,poi,-6590.23,780.62,-188.16
Node_Crim_RockVillage,Crimson,village,101.50,102.00,238.00
Node_Crim_DesertFreeswordCamp,Crimson,camp,-6055.00,504.00,-1809.00
Node_Crim_RiverstoneWatchtower,Crimson,tower,-5411.00,515.00,-2126.00
Node_Crim_GorgerockWatchtower,Crimson,tower,-5393.00,518.00,-1875.00
Node_Crim_CliffwalkWatchtower,Crimson,tower,-5394.00,521.00,-1795.00
Node_Crim_RoadsideWatchtower,Crimson,tower,-5782.00,505.00,-2028.00
Node_Crim_RockVillageTradeStorage,Crimson,village,-5687.00,493.00,-1825.00
Node_Crim_RedWindTradingAssociation_Trader_RockVillage,Crimson,village,-5687.00,491.00,-1825.00
Node_Crim_EnlightenShrine,Crimson,shrine,792.00,77.00,143.00
Node_Crim_BurhumVillage,Crimson,village,-7480.00,644.00,-859.00
Node_Crim_DesertOasis,Crimson,oasis,-8013.00,675.00,-621.00
Node_Crim_DesertOasis_Reflection,Crimson,oasis,-7587.00,660.00,-892.00
Node_Crim_DesertOasis_Agony,Crimson,oasis,-7434.00,659.00,-936.00
Node_Crim_DesertOasis_Patience,Crimson,oasis,-7298.00,672.00,-826.00
Node_Crim_WhitesandPrayHouse,Crimson,house,-3709.61,720.67,3360.64
Node_Crim_SaltroadTradePost,Crimson,trade,-6677.00,703.00,237.00
Node_Crim_SaltroadCamp,Crimson,camp,-5574.00,701.00,871.00
Node_Crim_GoldleafGuildhouse_Trader_Urdavah,Crimson,trade,-6659.00,700.00,250.00
Node_Crim_HowlsandsCamp,Crimson,camp,-5014.00,695.00,885.00
Node_Crim_MuiquunVillage,Crimson,village,-5241.00,582.00,-1516.00
Node_Crim_Watchtower_VIII,Crimson,tower,-5113.00,589.00,-1580.00
Node_Crim_Watchtower_VII,Crimson,tower,-5450.00,601.00,-1439.00
Node_Crim_Ruins_0019,Crimson,ruins,-5331.00,551.00,-1501.00
Node_Crim_HelmaraVillage,Crimson,village,740.00,744.00,748.00
Node_Crim_RedsandHelmhole,Crimson,monster_lair,-5777.00,674.00,-718.00
Node_Crim_HotsandHelmhole,Crimson,monster_lair,-4965.00,666.00,-539.00
Node_Crim_BatiharVillage,Crimson,village,-5414.00,669.00,-550.00
Node_Crim_SuramahdBazaar,Crimson,market,-5808.00,676.00,-131.00
Node_Crim_StompsandFortRuins,Crimson,fort,-5129.00,517.00,-1716.00
Node_Crim_StompsandCamp,Crimson,camp,-5019.00,493.00,-1921.00
Node_Crim_FallenAbyss,Crimson,abyss_poi,-6495.00,679.00,-776.00
Node_Crim_RedMountainFort,Crimson,fort,808.00,816.00,812.00
Node_Crim_DawnMoonBase,Crimson,poi,-5275.00,674.00,-803.00
Node_Crim_TimewornRuins,Crimson,ruins,-4720.00,605.00,-1022.00
Node_Crim_RuinsExcavation,Crimson,ruins,-4243.00,616.00,-809.00
Node_Crim_DesertWells,Crimson,water,-4176.00,669.00,-1156.00
Node_Crim_Watchtower_I,Crimson,tower,-5103.00,672.00,-1203.00
Node_Crim_FortManub,Crimson,fort,884.00,888.00,10752.01
Node_Crim_DuzharVillage,Crimson,village,-5405.00,668.00,-863.00
Node_Crim_NahabVillage,Crimson,village,-5239.00,661.00,-1024.00
Node_Crim_Watchtower_V,Crimson,tower,-5584.00,656.00,-943.00
Node_Crim_DesolateStoneAltar,Crimson,shrine,-4535.00,661.00,177.00
Node_Crim_IsvatuFortress,Crimson,fort,-6630.00,653.00,-1095.00
Node_Crim_Watchtower_VI,Crimson,tower,-6689.00,635.00,-1128.00
Node_Crim_HyenaDen,Crimson,monster_lair,-5651.00,568.00,-1172.00
Node_Crim_FlowingSandVillage,Crimson,village,-4209.00,681.00,-401.00
Node_Crim_SkinCollectorHideout,Crimson,monster_lair,-3725.00,568.00,-1223.00
Node_Crim_WildflowerSprings,Crimson,water,-3414.00,607.00,-836.00
Node_Crim_HangmanPass,Crimson,landmark,-4215.00,602.00,-1459.00
Node_Crim_SandsweptRuins,Crimson,ruins,-3795.00,591.00,-1082.00
Node_Crim_GiantTotem,Crimson,totem,-5067.00,491.00,-2024.00
Node_Crim_SkullstoneTotem,Crimson,totem,-5148.00,491.00,-2062.00
Node_Crim_FossilhornTotem,Crimson,totem,-5203.00,492.00,-1927.00
Node_Crim_ShadowdeepForest,Crimson,forest,-4715.00,560.00,-1588.00
Node_Crim_Watchtower_II,Crimson,tower,-4751.00,599.00,-1703.00
Node_Crim_Dig_Site_WatchTower,Crimson,tower,-4411.00,570.00,-1602.00
Node_Crim_JungleScoutCamp,Crimson,camp,-4406.00,553.00,-1648.00
Node_Crim_GiantsYardForwardCamp,Crimson,camp,11008.00,900.00,4480.01
Node_Crim_Crimson_River_Cliff_WatchTower,Crimson,tower,-4651.00,552.00,-2129.00
Node_Crim_KurmaniRedtree,Crimson,poi,-4737.00,479.00,-2233.00
Node_Crim_ShadowcliffWatchCamp,Crimson,camp,-4597.00,523.00,-2255.00
Node_Crim_BursadaCastleRuins,Crimson,castle,-4398.00,482.00,-2301.00
Node_Crim_BursadaTempleRuins,Crimson,ruins,-4452.00,464.00,-2377.00
Node_Crim_JungleEye_WatchTower,Crimson,tower,-4397.00,553.00,-2082.00
Node_Crim_Emerald_Cliff_WatchTower,Crimson,tower,-4486.00,474.00,-2601.00
Node_Crim_GiantsYardReasearch_WatchTower,Crimson,tower,-4822.00,457.00,-2622.00
Node_Crim_GiantsYardResearchSite,Crimson,research,-4843.00,445.00,-2712.00
Node_Crim_GiantsYardExtractionCamp,Crimson,camp,-5051.00,451.00,-2534.00
Node_Crim_DryRiver,Crimson,water,-4896.00,442.00,-2580.00
Node_Her_SunsetVillage,Hernand,village,-11329.00,747.00,-7012.00
Node_Her_ReedField,Hernand,poi,-11239.00,826.00,-6089.00
Node_Cal_HohenmarkRuins,Calphade,ruins,-12663.00,1030.00,-2907.00
Node_Her_IcemoorCastleRuins,Hernand,castle,-11961.00,998.00,-3188.00
Node_Her_Bloodstained_House,Hernand,house,-10228.00,582.00,-4897.00
Node_Her_IsolatedCabin,Hernand,house,-12674.00,918.00,-3922.00
Node_Her_BridlefernFarm,Hernand,farm,-9644.00,680.00,-2107.00
Node_Her_Saddlecap,Hernand,poi,-9586.00,692.00,-2223.00
Node_Her_StoneTowerVillage,Hernand,village,-10591.00,714.00,-3093.00
Node_Her_FrozenSoulTomb,Hernand,tomb,-12644.00,960.00,-3340.00
Node_Kwe_Gate_0000,Kweiden,gate,-11553.00,692.00,-1327.00
Node_Kwe_StellenManor,Kweiden,manor,-9427.00,648.00,-1373.00
Node_Dem_ForgottenRuins,Demeniss,ruins,-8981.00,566.00,-3529.00
Node_Dem_SickForest,Demeniss,forest,-8581.00,514.00,-3924.00
Node_Dem_Shipwreck_0005,Demeniss,shipwreck,-8287.00,352.00,-5035.00
Node_Neut_SnakeTailGate,Neutral,gate,-5727.00,508.00,-4380.00
Node_Del_MorvaneBridge,Delesyia,bridge,-4887.00,367.00,-3425.00
Node_Crim_VarniaGate,Crimson,gate,-3938.00,629.00,2807.00
Node_Crim_Sandtopia,Crimson,poi,-4551.00,646.00,3050.00
Node_Crim_RockPoolCluster,Crimson,water,-3817.00,590.00,2948.00
Node_Her_CarriageWorkshop_00,Hernand,workshop,-9836.00,537.00,-4300.00
Node_Dem_CarriageWorkshop_00,Demeniss,workshop,-9211.00,592.00,-3359.00
Node_Crim_CarriageWorkshop_00,Crimson,workshop,-5451.00,529.00,-1633.00
Node_Her_BrokenGate,Hernand,gate,-11742.00,659.00,-5363.00
Node_Her_MechanicCabin,Hernand,house,-11701.00,801.00,-3841.00
Node_Her_ForestCabin,Hernand,forest,-8018.00,554.00,-1717.00
Node_Her_ThinkersMeadow,Hernand,poi,-10381.00,619.00,-4503.00
Node_Her_RestArea_0119,Hernand,rest_area,-9728.00,656.00,-1097.00
Node_Her_WhiteMountainOutpost,Hernand,outpost,-11829.00,739.00,-2805.00
Node_Her_WhiteMountainScoutCamp,Hernand,camp,-12305.00,886.00,-2981.00
Node_Her_GreenFieldCliffCamp,Hernand,camp,-9388.00,594.00,-4649.00
Node_Dem_DemArmyScoutCamp,Demeniss,camp,-6307.00,541.00,-2252.00
Node_Her_North_WatchTower,Hernand,tower,-10873.00,742.00,-2934.00
Node_Her_SnowMountain_WatchTower,Hernand,tower,-12532.00,956.00,-2491.00
Node_Del_Watchtower_II,Delesyia,tower,-5385.00,470.00,-2916.00
Node_Del_BenusMountain_WatchTower,Delesyia,tower,-4158.00,573.00,-5205.00
Node_Her_RaidersBase,Hernand,poi,-9578.00,618.00,-3698.00
Node_Hernand_Bandit_I,Unknown,poi,-9707.00,616.00,-3605.00
Node_Her_DrakefallBanditCamp,Hernand,camp,-9807.00,696.00,-1634.00
Node_Her_ArboriaBanditCamp,Hernand,camp,-9816.00,675.00,-2206.00
Node_Her_MountainAreaBanditCamp,Hernand,camp,-11818.00,807.00,-3763.00
Node_Her_ShadowforestBanditCamp,Hernand,camp,-11311.00,698.00,-3720.00
Node_Her_RoccaHillBanditCamp,Hernand,camp,-10334.00,604.00,-3564.00
Node_Her_AnvilRiversideBanditCamp,Hernand,camp,-10141.00,548.00,-3965.00
Node_Her_SunrisePlainBanditCamp_I,Hernand,camp,-10659.00,630.00,-4828.00
Node_Her_FoggyWindBanditCamp,Hernand,camp,-11277.00,619.00,-4927.00
Node_Her_RiverTerraceBanditCamp,Hernand,camp,-9600.00,567.00,-4304.00
Node_Her_RiverTerraceBanditCamp_I,Hernand,camp,-9367.00,590.00,-3765.00
Node_Her_AnvilHillBanditCamp,Hernand,camp,-9454.00,625.00,-3489.00
Node_Her_RoccaHillBanditCamp_I,Hernand,camp,-9998.00,617.00,-3244.00
Node_Her_HowlingHillCamp,Hernand,camp,-11279.00,818.00,-3083.00
Node_Her_GreenFieldHillyAreaCamp,Hernand,camp,-9582.00,552.00,-5038.00
Node_Her_GreenFieldThiefCamp,Hernand,camp,-9296.00,566.00,-5303.00
Node_Her_GreenHillThiefCamp,Hernand,camp,-9351.00,584.00,-5331.00
Node_Her_SteelMountainsCamp,Hernand,camp,-9475.00,676.00,-5785.00
Node_Her_SouthernDeepForestCamp,Hernand,camp,-11176.00,656.00,-4146.00
Node_Her_SunrisePlainBanditCamp,Hernand,camp,-11043.00,611.00,-5024.00
Node_Her_WhiteMountainBanditCamp,Hernand,camp,-12697.00,1176.00,-3459.00
Node_Her_EastGoblinCamp,Hernand,camp,-9788.00,631.00,-5826.00
Node_Dem_BanditCamp_I,Demeniss,camp,-8774.00,503.00,-4658.00
Node_Dem_BanditCamp_II,Demeniss,camp,-8371.00,465.00,-4513.00
Node_Dem_BanditCamp_III,Demeniss,camp,-8093.00,430.00,-4168.00
Node_Dem_BanditCamp_IV,Demeniss,camp,-8968.00,513.00,-4865.00
Node_Dem_SouthendCamp,Demeniss,camp,-7566.00,411.00,-5481.00
Node_Dem_CrescentCamp,Demeniss,camp,-8617.00,595.00,-1895.00
Node_Del_BanditCamp_I,Delesyia,camp,-3323.00,401.00,-5182.00
Node_Del_BanditCamp_II,Delesyia,camp,-4734.00,399.00,-4777.00
Node_Del_BanditCamp_III,Delesyia,camp,-6302.00,472.00,-4860.00
Node_Kwe_BanditCamp_I,Kweiden,camp,-9766.00,679.00,-834.00
Node_Kwe_BanditCamp_II,Kweiden,camp,-9960.00,695.00,-524.00
Node_Kwe_BanditCamp_III,Kweiden,camp,-9650.00,639.00,-1014.00
Node_Kwe_BanditCamp_IV,Kweiden,camp,-10265.00,669.00,-1008.00
Node_Kwe_BanditCamp_V,Kweiden,camp,-9816.00,707.00,683.00
Node_Kwe_BanditCamp_VI,Kweiden,camp,-9493.00,645.00,959.00
Node_Kwe_BanditCamp_VIII,Kweiden,camp,-11902.00,707.00,-1195.00
Node_Kwe_BanditCamp_IX,Kweiden,camp,-11502.00,717.00,-858.00
Node_Kwe_PitfallCamp,Kweiden,camp,-10632.00,687.00,955.00
Node_Crim_BanditCamp_I,Crimson,camp,-6336.00,682.00,-680.00
Node_Crim_BanditCamp_II,Crimson,camp,-6545.00,600.00,-1145.00
Node_Crim_BanditCamp_III,Crimson,camp,-5720.00,677.00,-760.00
Node_Crim_BanditCamp_IV,Crimson,camp,-5037.00,691.00,1366.00
Node_Crim_BanditCamp_VI,Crimson,camp,-4766.00,655.00,-651.00
Node_Crim_BanditCamp_VII,Crimson,camp,-3831.00,654.00,-617.00
Node_Crim_BanditCamp_VIII,Crimson,camp,-4759.00,567.00,-1554.00
Node_Crim_BanditCamp_IX,Crimson,camp,-5248.00,566.00,-1310.00
Node_Crim_BanditCamp_X,Crimson,camp,-6253.00,705.00,-572.00
Node_Crim_BanditCamp_XI,Crimson,camp,-6445.00,723.00,391.00
Node_Crim_BanditCamp_XII,Crimson,camp,-6200.00,515.00,-2017.00
Node_Crim_BanditCamp_XIII,Crimson,camp,-6406.00,555.00,-1341.00
Node_Crim_BanditCamp_XIV,Crimson,camp,-4603.00,524.00,-1997.00
Node_Crim_KhafijahrCamp,Crimson,camp,-7186.00,668.00,-369.00
Node_Crim_GhadirjahrCamp,Crimson,camp,-6902.00,669.00,-454.00
Node_Crim_QudimjahrCamp,Crimson,camp,-6674.00,669.00,-512.00
Node_Crim_YalwijahrCamp,Crimson,camp,-6503.00,673.00,-519.00
Node_Crim_ShiqarjahrCamp,Crimson,camp,-6278.00,675.00,-434.00
Node_Crim_SakhajahrCamp,Crimson,camp,-6061.00,661.00,-370.00
Node_Crim_BaisunjahrCamp,Crimson,camp,-6075.00,656.00,-145.00
Node_Crim_AsaharamCamp,Crimson,camp,-5744.00,691.00,567.00
Node_Crim_KuhteramCamp,Crimson,camp,-5983.00,659.00,490.00
Node_Crim_HariyahramCamp,Crimson,camp,-5373.00,699.00,796.00
Node_Crim_KharatiramCamp,Crimson,camp,-5601.00,689.00,359.00
Node_Crim_MakharamCamp,Crimson,camp,-6035.00,677.00,276.00
Node_Crim_IguanaHatchery,Crimson,monster_lair,-5950.00,665.00,298.00
Node_Her_AbandonedCabin_I,Hernand,house,-9398.00,477.00,-6290.00
Node_Her_AbandonedCabin_II,Hernand,house,-9778.00,497.00,-6111.00
Node_Her_AbandonedCabin_III,Hernand,house,-10876.00,605.00,-6492.00
Node_Her_AbandonedCabin_IV,Hernand,house,-11061.00,713.00,-6504.00
Node_Her_AbandonedCabin_V,Hernand,house,-9681.00,633.00,-5580.00
Node_Her_AbandonedCabin_VI,Hernand,house,-10428.00,785.00,-1942.00
Node_Her_AbandonedCabin_VII,Hernand,house,-12908.00,962.00,-5673.00
Node_Her_AbandonedCabin_VIII,Hernand,house,-10849.00,561.00,-5808.00
Node_Dem_AbandonedCabin_I,Demeniss,house,-7207.00,406.00,-3910.00
Node_Dem_AbandonedCabin_II,Demeniss,house,-7463.00,431.00,-5400.00
Node_Dem_AbandonedCabin_III,Demeniss,house,-7964.00,440.00,-4293.00
Node_Dem_AbandonedCabin_IV,Demeniss,house,-8464.00,403.00,-6179.00
Node_Dem_AbandonedCabin_V,Demeniss,house,-8713.00,380.00,-6320.00
Node_Dem_AbandonedCabin_VI,Demeniss,house,-5888.00,516.00,-2682.00
Node_Dem_AbandonedCabin_VII,Demeniss,house,-7140.00,549.00,-2369.00
Node_Dem_AbandonedCabin_VIII,Demeniss,house,-6735.00,472.00,-2945.00
Node_Del_AbandonedCabin_I,Delesyia,house,-3236.00,440.00,-5679.00
Node_Del_AbandonedCabin_II,Delesyia,house,-3750.00,379.00,-6074.00
Node_Del_AbandonedCabin_III,Delesyia,house,-4155.00,470.00,-5591.00
Node_Del_AbandonedCabin_IV,Delesyia,house,-6104.00,510.00,-5282.00
Node_Del_AbandonedCabin_V,Delesyia,house,-6322.00,501.00,-5427.00
Node_Del_AbandonedCabin_VI,Delesyia,house,-6176.00,438.00,-5466.00
Node_Del_AbandonedCabin_VII,Delesyia,house,-7070.00,413.00,-4941.00
Node_Del_AbandonedCabin_VIII,Delesyia,house,-3253.00,383.00,-5136.00
Node_Her_TorchlightCabin,Hernand,house,-10840.00,716.00,-3501.00
Node_Her_MudreachCabin,Hernand,house,-9869.00,565.00,-4911.00
Node_Her_TwinCloverCabin,Hernand,house,-11355.00,627.00,-4751.00
Node_Her_FordCabin,Hernand,house,-10381.00,682.00,-2710.00
Node_Her_WetFogCabin,Hernand,house,-12173.00,739.00,-1831.00
Node_Dem_StormwaveCliff,Demeniss,landmark,-8033.00,521.00,-5812.00
Node_Dem_KingMountainHollow,Demeniss,landmark,-9339.00,686.00,-1566.00
Node_Dem_SlantedFishingDock,Demeniss,harbor,-8008.00,551.00,-1825.00
Node_Del_BenusCabin,Delesyia,house,-3908.00,518.00,-5303.00
Node_Del_WoodRockCabin,Delesyia,house,-6104.00,541.00,-5021.00
Node_Kwe_ShadowedOverlook,Kweiden,poi,-9388.00,696.00,-229.00
Node_Kwe_WhisperwoodCabin,Kweiden,house,-9496.00,632.00,-359.00
Node_Kwe_WhitegreenSummit,Kweiden,poi,-10923.00,893.00,-1278.00
Node_Kwe_TreeshadeCabin,Kweiden,house,-11369.00,746.00,-358.00
Node_Kwe_WhisperingCabin,Kweiden,house,-9715.00,658.00,1034.00
Node_Kwe_SwampFishingDock,Kweiden,harbor,-11640.00,710.00,-945.00
Node_Crim_MossvaleCabin,Crimson,house,-11410.00,754.00,577.00
Node_Crim_SeabreezeCabin,Crimson,house,-4372.00,403.00,-3082.00
Node_Her_SnowingCabin,Hernand,house,-12997.00,1209.00,-4665.00
Node_Her_SilentLodgeCabin,Hernand,house,-10515.00,610.00,-4610.00
Node_Her_CliffHideout,Hernand,monster_lair,-9534.00,631.00,-1681.00
Node_Dem_WaterFallFishingDock,Demeniss,harbor,-7507.00,497.00,-2946.00
Node_Del_VenusRiversideCabin,Delesyia,water,-4657.00,391.00,-4625.00
Node_Her_Shipwreck_0001,Hernand,shipwreck,-10073.00,358.00,-6079.00
Node_Her_Shipwreck_0002,Hernand,shipwreck,-10666.00,353.00,-6372.00
Node_Her_Shipwreck_0003,Hernand,shipwreck,-10409.00,352.00,-6458.00
Node_Her_Shipwreck_0004,Hernand,shipwreck,-12411.00,982.00,-4084.00
Node_Dem_Shipwreck_0001,Demeniss,shipwreck,-6811.00,351.00,-3911.00
Node_Dem_Shipwreck_0002,Demeniss,shipwreck,-7064.00,352.00,-4242.00
Node_Dem_Shipwreck_0003,Demeniss,shipwreck,-7630.00,351.00,-5109.00
Node_Dem_Shipwreck_0004,Demeniss,shipwreck,-8037.00,350.00,-5302.00
Node_Dem_Shipwreck_0006,Demeniss,shipwreck,-7923.00,351.00,-4805.00
Node_Dem_Shipwreck_0007,Demeniss,shipwreck,-7818.00,350.00,-5979.00
Node_Dem_Shipwreck_0008,Demeniss,shipwreck,-8820.00,351.00,-6350.00
Node_Del_Shipwreck_0001,Delesyia,shipwreck,-4643.00,351.00,-3581.00
Node_Del_Shipwreck_0002,Delesyia,shipwreck,-5217.00,350.00,-3371.00
Node_Del_Shipwreck_0003,Delesyia,shipwreck,-4894.00,351.00,-3672.00
Node_Del_Shipwreck_0004,Delesyia,shipwreck,-4141.00,351.00,-4440.00
Node_Del_Shipwreck_0005,Delesyia,shipwreck,-3710.00,351.00,-4713.00
Node_Del_Shipwreck_0006,Delesyia,shipwreck,-3627.00,351.00,-4760.00
Node_Del_Shipwreck_0007,Delesyia,shipwreck,-3181.00,350.00,-5153.00
Node_Del_Shipwreck_0008,Delesyia,shipwreck,-2874.00,353.00,-4698.00
Node_Del_Shipwreck_0009,Delesyia,shipwreck,-3384.00,350.00,-5865.00
Node_Del_Shipwreck_0010,Delesyia,shipwreck,-4814.00,354.00,-5437.00
Node_Del_Shipwreck_0011,Delesyia,shipwreck,-7043.00,351.00,-5173.00
Node_Del_Shipwreck_0012,Delesyia,shipwreck,-6972.00,355.00,-5837.00
Node_Del_Shipwreck_0014,Delesyia,shipwreck,-6970.00,352.00,-4817.00
Node_Crim_Shipwreck_0001,Crimson,shipwreck,-4373.00,665.00,1877.00
Node_Her_MysticlifeFalls,Hernand,poi,-10608.00,761.00,-1373.00
Node_Dem_SouthernDivineTree,Demeniss,poi,-7747.00,445.00,-5326.00
Node_Dem_WindpulleyHeights,Demeniss,poi,-9084.00,623.00,-5013.00
Node_Kwe_ForestRing,Kweiden,forest,-9733.00,621.00,-476.00
Node_Kwe_SanctuaryoftheWhiteLand,Kweiden,poi,-11782.00,822.00,950.00
Node_Kwe_DennRiverPath,Kweiden,water,-9896.00,643.00,1079.00
Node_Crim_Ashen_Crevasse,Crimson,landmark,-3985.00,687.00,-260.00
Node_Crim_Ringrock_Hollow,Crimson,landmark,-4785.00,625.00,403.00
Node_Crim_Azure_Paradise,Crimson,landmark,-4136.00,624.00,996.00
Node_Crim_Merchant_Oasis,Crimson,oasis,-4785.00,674.00,1569.00
Node_Her_AncientRuins_0001,Hernand,ruins,-11351.00,810.00,-3024.00
Node_Her_AncientRuins_0002,Hernand,ruins,-11385.00,704.00,-3802.00
Node_Her_AncientRuins_0003,Hernand,ruins,-9264.00,539.00,-4311.00
Node_Her_AncientRuins_0004,Hernand,ruins,-9675.00,714.00,-1796.00
Node_Her_AncientRuins_0005,Hernand,ruins,-10513.00,614.00,-5409.00
Node_Her_AncientRuins_0006,Hernand,ruins,-10117.00,692.00,-2638.00
Node_Dem_AncientRuins_0007,Demeniss,ruins,-9027.00,480.00,-5164.00
Node_Her_AncientRuins_0008,Hernand,ruins,-9597.00,646.00,-5755.00
Node_Her_AncientRuins_0009,Hernand,ruins,-12089.00,740.00,-2220.00
Node_Her_AncientRuins_0010,Hernand,ruins,-12330.00,792.00,-1596.00
Node_Del_AncientRuins_0011,Delesyia,ruins,-6793.00,400.00,-4663.00
Node_Dem_AncientRuins_0012,Demeniss,ruins,-7221.00,418.00,-4373.00
Node_Del_AncientRuins_0013,Delesyia,ruins,-4855.00,379.00,-3225.00
Node_Del_AncientRuins_0014,Delesyia,ruins,-3931.00,427.00,-4882.00
Node_Del_AncientRuins_0015,Delesyia,ruins,-3936.00,501.00,-5409.00
Node_Del_AncientRuins_0016,Delesyia,ruins,-4529.00,404.00,-3214.00
Node_Kwe_AncientRuins_0017,Kweiden,ruins,-9190.00,703.00,372.00
Node_Kwe_AncientRuins_0019,Kweiden,ruins,-11494.00,755.00,890.00
Node_Del_AncientRuins_0020,Delesyia,ruins,-5344.00,413.00,-3080.00
Node_Dem_AncientRuins_0021,Demeniss,ruins,-8510.00,539.00,-2490.00
Node_Del_AncientRuins_0022,Delesyia,ruins,-3528.00,412.00,-5318.00
Node_Her_AncientRuins_0023,Hernand,ruins,-11336.00,634.00,-4295.00
Node_Her_AncientRuins_0024,Hernand,ruins,-11528.00,649.00,-5359.00
Node_Dem_AncientRuins_0025,Demeniss,ruins,-8414.00,592.00,-1564.00
Node_Kwe_AncientRuins_0026,Kweiden,ruins,-10580.00,853.00,-517.00
Node_Crim_AncientRuins_0027,Crimson,ruins,-4614.00,497.00,-2079.00
Node_Del_AncientRuins_0029,Delesyia,ruins,-6321.00,519.00,-5062.00
Node_Dem_AncientRuins_0030,Demeniss,ruins,-7450.00,545.00,-2114.00
Node_Her_AncientRuins_0031,Hernand,ruins,-10927.00,716.00,-3651.00
Node_Her_AncientRuins_0032,Hernand,ruins,-11007.00,790.00,-3091.00
Node_Her_AncientRiftRuins,Hernand,ruins,-10328.00,613.00,-1525.00
Node_Dem_SolarAndLunarMaze,Demeniss,dungeon,-7811.00,608.00,-1052.00
Node_Kwe_MazeForest,Kweiden,forest,-11283.00,719.00,648.00
Node_Her_SaintheartCave,Hernand,cave,-10701.00,609.00,-3264.00
Node_Her_bladecave,Hernand,cave,-11743.00,682.00,-4195.00
Node_Her_ShadowheartCave,Hernand,cave,-11658.00,643.00,-4342.00
Node_Her_EchoingHollowCave,Hernand,cave,-11503.00,612.00,-5183.00
Node_Her_WhispercliffCave,Hernand,cave,-11098.00,627.00,-5313.00
Node_Her_MistbreathCave,Hernand,cave,-11105.00,556.00,-4480.00
Node_Her_DawnriseCave,Hernand,cave,-10884.00,484.00,-5982.00
Node_Her_WaveechoCave,Hernand,cave,-10882.00,427.00,-6438.00
Node_Dem_WindthreadCave,Demeniss,cave,-8402.00,419.00,-6099.00
Node_Dem_WindcryHollowCave,Demeniss,cave,-8185.00,485.00,-5876.00
Node_Dem_LostSongCave,Demeniss,cave,-7729.00,376.00,-4248.00
Node_Dem_CrystalcrownCave,Demeniss,cave,-7302.00,351.00,-4036.00
Node_Dem_StarlightCave,Demeniss,cave,-6692.00,350.00,-3757.00
Node_Del_SilentCave,Delesyia,cave,-6386.00,363.00,-4535.00
Node_Del_GuardiansCave,Delesyia,cave,-5550.00,415.00,-4593.00
Node_Del_WaterOfferingCave,Delesyia,cave,-5143.00,351.00,-2830.00
Node_Crim_JudgmentoftheWindCave,Crimson,cave,-5226.00,401.00,-2590.00
Node_Crim_SouloftheWarriorCave,Crimson,cave,-5695.00,472.00,-2369.00
Node_Crim_RoaringSacredBeastCave,Crimson,cave,-4739.00,494.00,-2002.00
Node_Crim_SilverVenomspikeCave,Crimson,cave,-4476.00,494.00,-1967.00
Node_Del_AbyssMirrorCave,Delesyia,cave,-5747.00,484.00,-2631.00
Node_Dem_ShadowWolfCave,Demeniss,cave,-8948.00,440.00,-4312.00
Node_Dem_WellofTragedyCave,Demeniss,cave,-8285.00,549.00,-1478.00
Node_Her_EndlessWaveCave,Hernand,cave,-9552.00,553.00,-2938.00
Node_Her_TwilightRingCave,Hernand,cave,-9661.00,549.00,-2844.00
Node_Her_NightstormCave,Hernand,cave,-11761.00,842.00,-3226.00
Node_Her_FrozenHeartCave,Hernand,cave,-12240.00,828.00,-3816.00
Node_Her_FrostclawCave,Hernand,cave,-12855.00,926.00,-4098.00
Node_Her_RestingPlaceofDeathCave,Hernand,cave,-12551.00,787.00,-4815.00
Node_Her_StarlightStormCave,Hernand,cave,-11598.00,806.00,-3709.00
Node_Kwe_IceArrowCave,Kweiden,cave,-11724.00,764.00,975.00
Node_Kwe_VagueAbyssCave,Kweiden,cave,-11409.00,700.00,855.00
Node_Kwe_SnowstormCave,Kweiden,cave,-10039.00,658.00,625.00
Node_Kwe_IceBladeCave,Kweiden,cave,-10402.00,835.00,198.00
Node_Her_AncientHeartCave,Hernand,cave,-10557.00,668.00,-1524.00
Node_Dem_CrescentHuntCave,Demeniss,cave,-8552.00,540.00,-1874.00
Node_Dem_MoonlightSpiritCave,Demeniss,cave,-8412.00,572.00,-1662.00
Node_Dem_FragmentofMistCave,Demeniss,cave,-8085.00,601.00,-899.00
Node_Crim_SunGateCave,Crimson,cave,-3909.00,590.00,3354.00
Node_Dem_SanctuaryofFirefliesCave,Demeniss,cave,-9328.00,491.00,-4402.00
Node_Del_SerpentScaleCave,Delesyia,cave,-5571.00,446.00,-4879.00
Node_Del_Region_Cave_0001,Delesyia,cave,-4922.00,361.00,-3335.00
Node_Dem_Region_Cave_0002,Demeniss,cave,-9257.00,669.00,-2099.00
Node_Dem_Region_Cave_0003,Demeniss,cave,-6181.00,535.00,-2363.00
Node_Kwe_Region_Cave_0004,Kweiden,cave,-9576.00,644.00,642.00
Node_Kwe_Region_Cave_0005,Kweiden,cave,-10915.00,882.00,-1309.00
Node_Kwe_Region_Cave_0006,Kweiden,cave,-11120.00,696.00,-1694.00
Node_Del_Region_Cave_0008,Delesyia,cave,-4448.00,379.00,-4617.00
Node_Her_Region_Cave_0009,Hernand,cave,-10231.00,557.00,-4580.00
Node_Her_Region_Cave_0010,Hernand,cave,-13122.00,1147.00,-4354.00
Node_Her_Region_Cave_0011,Hernand,cave,-10072.00,703.00,-1549.00
Node_Del_Region_Cave_0012,Delesyia,cave,-4240.00,456.00,-5344.00
Node_Del_Region_Cave_0013,Delesyia,cave,-5533.00,488.00,-4198.00
Node_Del_Region_Cave_0014,Delesyia,cave,-5362.00,447.00,-3000.00
Node_Her_Region_Cave_0015,Hernand,cave,-11173.00,696.00,-3836.00
Node_Dem_Region_Cave_0016,Demeniss,cave,-8390.00,493.00,-6018.00
Node_Del_Region_Cave_0017,Delesyia,cave,-4512.00,413.00,-3025.00
Node_Del_Region_Cave_0018,Delesyia,cave,-5001.00,377.00,-3113.00
Node_Kwe_Region_Cave_0019,Kweiden,cave,-10650.00,688.00,930.00
Node_Crim_Region_Cave_0020,Crimson,cave,-4697.00,559.00,-1146.00
Node_Her_Region_Cave_0021,Hernand,cave,-10167.00,519.00,-4396.00
Node_Her_Region_Cave_0022,Hernand,cave,-10375.00,568.00,-4597.00
Node_Her_Region_Cave_0023,Hernand,cave,-10513.00,626.00,-3297.00
Node_Dem_Region_Cave_0024,Demeniss,cave,-9356.00,576.00,-3593.00
Node_Dem_Region_Cave_0025,Demeniss,cave,-8153.00,463.00,-4649.00
Node_Dem_Region_Cave_0026,Demeniss,cave,-7331.00,453.00,-4659.00
Node_Her_Region_Cave_0027,Hernand,cave,-11209.00,753.00,-2214.00
Node_Kwe_Region_Cave_0028,Kweiden,cave,-11106.00,841.00,-650.00
Node_Dem_Region_Cave_0029,Demeniss,cave,-8220.00,466.00,-4616.00
Node_Del_Region_Cave_0031,Delesyia,cave,-5047.00,433.00,-5211.00
Node_Her_Region_Cave_0032,Hernand,cave,-9640.00,573.00,-5396.00
Node_Her_Region_Cave_0033,Hernand,cave,-9594.00,609.00,-3562.00
Node_Kwe_Region_Cave_0034,Kweiden,cave,-10666.00,1017.00,158.00
Node_Her_Region_Cave_0035,Hernand,cave,-11472.00,700.00,-2160.00
Node_Kwe_Region_Cave_0036,Kweiden,cave,-10037.00,680.00,353.00
Node_Kwe_Region_Cave_0037,Kweiden,cave,-10009.00,665.00,404.00
Node_Kwe_Region_Cave_0039,Kweiden,cave,-9977.00,667.00,184.00
Node_Kwe_Region_Cave_0040,Kweiden,cave,-9953.00,655.00,133.00
Node_Kwe_Region_Cave_0041,Kweiden,cave,-9654.00,649.00,302.00
Node_Kwe_Region_Cave_0042,Kweiden,cave,-9600.00,642.00,354.00
Node_Kwe_Region_Cave_0043,Kweiden,cave,-9765.00,651.00,243.00
Node_Del_Region_Cave_0045,Delesyia,cave,-4758.00,399.00,-4803.00
Node_Kwe_Region_Cave_0046,Kweiden,cave,-11575.00,722.00,-497.00
Node_Kwe_Region_Cave_0047,Kweiden,cave,-9047.00,817.00,-422.00
Node_Kwe_Region_Cave_0048,Kweiden,cave,-9129.00,706.00,300.00
Node_Kwe_Region_Cave_0049,Kweiden,cave,-10474.00,705.00,-1012.00
Node_Her_Region_Cave_0050,Hernand,cave,-12167.00,748.00,-1272.00
Node_Kwe_Region_Cave_0051,Kweiden,cave,-10646.00,924.00,-171.00
Node_Kwe_Region_Cave_0052,Kweiden,cave,-116.00,-116.50,-115.50
Node_Kwe_Region_Cave_0053,Kweiden,cave,-10001.00,659.00,572.00
Node_Kwe_Region_Cave_0054,Kweiden,cave,-10710.00,956.00,-114.00
Node_Kwe_Region_Cave_0055,Kweiden,cave,-11459.35,734.26,109.96
Node_Kwe_Region_Cave_0056,Kweiden,cave,-11201.00,713.00,670.00
Node_Kwe_Region_Cave_0057,Kweiden,cave,-9639.00,654.00,1035.00
Node_Her_Region_Cave_0058,Hernand,cave,-11010.00,807.00,-2460.00
Node_Del_Region_Cave_0059,Delesyia,cave,-6739.00,561.00,-5329.00
Node_Dem_Region_Cave_0060,Demeniss,cave,-7295.00,450.00,-4679.00
Node_Dem_Region_Cave_0061,Demeniss,cave,-7626.00,413.00,-5332.00
Node_Her_Region_Cave_0062,Hernand,cave,-9387.00,612.00,-3428.00
Node_Dem_Region_Cave_0063,Demeniss,cave,-9063.00,477.00,-4670.00
Node_Crim_Region_Cave_0064,Crimson,cave,-4668.00,481.00,-2013.00
Node_Dem_Region_Cave_0065,Demeniss,cave,-6323.00,399.00,-3523.00
Node_Dem_Region_Cave_0066,Demeniss,cave,-8218.00,542.00,-1937.00
Node_Del_Region_Cave_0067,Delesyia,cave,-3065.00,350.00,-5221.00
Node_Her_Region_Cave_0068,Hernand,cave,-9857.00,563.00,-5060.00
Node_Her_Region_Cave_0069,Hernand,cave,-9449.00,601.00,-3333.00
Node_Her_Region_Cave_0070,Hernand,cave,-11187.00,756.00,-2255.00
Node_Kwe_Region_Cave_0071,Kweiden,cave,-10621.00,942.00,233.00
Node_Kwe_Region_Cave_0072,Kweiden,cave,909.48,73.40,-127.00
Node_Kwe_Region_Cave_0073,Kweiden,cave,743.56,-53.82,157.00
Node_Her_Region_Cave_0074,Hernand,cave,-9952.00,673.00,-2140.00
Node_Kwe_Region_Cave_0075,Kweiden,cave,-10748.00,792.00,-868.00
Node_Her_Region_Cave_0076,Hernand,cave,-12347.00,797.00,-5529.00
Node_Kwe_Region_Cave_0077,Kweiden,cave,-9664.00,648.00,-848.00
Node_Crim_Region_Cave_0078,Crimson,cave,-7424.00,654.00,-819.00
Node_Her_Region_Cave_0080,Hernand,cave,-12794.00,1101.00,-3105.00
Node_Her_Region_Cave_0081,Hernand,cave,-11315.00,668.00,-2509.00
Node_Del_Region_Cave_0082,Delesyia,cave,-5923.00,445.00,-3693.00
Node_Del_Region_Cave_0083,Delesyia,cave,-5887.00,483.00,-4256.00
Node_Del_Region_Cave_0084,Delesyia,cave,-5960.00,480.00,-4237.00
Node_Del_Region_Cave_0085,Delesyia,cave,-5986.00,468.00,-4256.00
Node_Del_Region_Cave_0086,Delesyia,cave,-6065.00,462.00,-4237.00
Node_Del_Region_Cave_0087,Delesyia,cave,-6085.00,481.00,-4171.00
Node_Del_Region_Cave_0088,Delesyia,cave,-6017.00,512.00,-4109.00
Node_Dem_Region_Cave_0089,Demeniss,cave,-8531.00,437.00,-4202.00
Node_Kwe_Region_Cave_0090,Kweiden,cave,-9995.00,700.00,725.00
Node_Her_Ruins_0001,Hernand,ruins,-10209.00,551.00,-3895.00
Node_Her_Ruins_0002,Hernand,ruins,-9687.00,664.00,-1389.00
Node_Her_Ruins_0004,Hernand,ruins,-10226.00,713.00,-1664.00
Node_Her_Ruins_0005,Hernand,ruins,-12078.00,759.00,-5355.00
Node_Her_Ruins_0006,Hernand,ruins,-9362.00,589.00,-5285.00
Node_Her_WhitegreenRidge,Hernand,poi,-10812.00,849.00,-1383.00
Node_Her_Ruins_0007,Hernand,ruins,-12493.00,818.00,-5021.00
Node_Her_Ruins_0003,Hernand,ruins,-11577.00,791.00,-3223.00
Node_Dem_Ruins_0007,Demeniss,ruins,-9282.00,571.00,-3902.00
Node_Dem_Ruins_0008,Demeniss,ruins,-8838.00,488.00,-5205.00
Node_Dem_RedBoundaryPath,Demeniss,poi,-7406.00,629.00,-1876.00
Node_Del_Ruins_0009,Delesyia,ruins,-5145.00,383.00,-3657.00
Node_Del_Ruins_0010,Delesyia,ruins,-3902.00,451.00,-5842.00
Node_Del_GreenwoodValley,Delesyia,poi,-4461.00,446.00,-2739.00
Node_Crim_Ruins_0012,Crimson,ruins,-8308.00,675.00,-609.00
Node_Crim_Ruins_0014,Crimson,ruins,-6195.00,708.00,-446.00
Node_Crim_Ruins_0015,Crimson,ruins,-5312.00,706.00,1122.00
Node_Crim_Ruins_0016,Crimson,ruins,-4499.00,660.00,2221.00
Node_Crim_Ruins_0017,Crimson,ruins,-4677.00,676.00,2015.00
Node_Crim_Ruins_0018,Crimson,ruins,-4371.00,673.00,2188.00
Node_Crim_Ruins_0022,Crimson,ruins,-4074.00,666.00,-1128.00
Node_Crim_Ruins_0023,Crimson,ruins,-7588.00,651.00,-970.00
Node_Crim_Ruins_0013,Crimson,ruins,-8325.00,645.00,-784.00
Node_Crim_Ruins_0020,Crimson,ruins,-5580.00,552.00,-1404.00
Node_Crim_Ruins_0021,Crimson,ruins,-5594.00,603.00,-1091.00
Node_Crim_Ruins_0024,Crimson,ruins,-4467.00,571.00,-1564.00
Node_Crim_Ruins_0025,Crimson,ruins,-4603.00,558.00,-1582.00
Node_Crim_Ruins_0026,Crimson,ruins,-4829.00,532.00,-1954.00
Node_Crim_Ruins_0027,Crimson,ruins,-4302.00,496.00,-2126.00
Node_Crim_SeabreezeRuin,Crimson,poi,-4354.00,404.00,-3144.00
Node_Crim_SandslumberRuins,Crimson,ruins,-4150.00,618.00,2134.00
Node_Crim_StonecrackRuins,Crimson,ruins,-4447.00,682.00,-293.00
Node_Kwe_PerilcrestSummit,Kweiden,poi,-10592.00,886.00,-1810.00
Node_Kwe_FrostFortressSite,Kweiden,fort,-10862.00,955.00,-395.00
Node_Kwe_OldGroundsintheFrost,Kweiden,poi,-11720.00,840.00,257.00
Node_Dem_IronStronghold_RestArea,Demeniss,stronghold,-8084.00,510.00,-4755.00
Node_Crim_RestArea_0034,Crimson,rest_area,-5390.00,548.00,-1538.00
Node_Her_FortAnvil_RestArea_0001,Hernand,fort,-9878.00,614.00,-4061.00
Node_Her_FortAnvil_RestArea_0002,Hernand,fort,-10106.00,608.00,-4108.00
Node_Her_FortAnvil_RestArea_0003,Hernand,fort,-9742.00,612.00,-3894.00
Node_Her_Mountain_of_Frozen_Souls_RestArea_0001,Hernand,rest_area,-11142.00,774.00,-6115.00
Node_Her_Node_Cal_CalphadeCastle_RestArea_0001,Hernand,castle,-11656.00,750.00,-2181.00
Node_Kwe_Pailune_RestArea_0001,Kweiden,rest_area,-9671.00,667.00,213.00
Node_Dem_IronStronghold_RestArea_0002,Demeniss,stronghold,-8073.00,558.00,-4625.00
Node_Dem_ThornRoseFort_RestArea_0001,Demeniss,fort,-8302.00,586.00,-5872.00
Node_Her_RuinedChapel_RestArea_0001,Hernand,rest_area,-9857.00,591.00,-5754.00
Node_Her_VelluaVillage_RestArea_0001,Hernand,village,-10403.00,369.00,-5967.00
Node_Her_KarinQuarry_RestArea_0001,Hernand,rest_area,-10350.00,645.00,-3072.00
Node_Dem_BurnhandQuarry_RestArea_0001,Demeniss,rest_area,-8709.00,516.00,-2499.00
Node_Kwe_OdeckVillage_RestArea_0001,Kweiden,village,-11053.00,667.00,1237.00
Node_Kwe_RidgehunterLeatherMaker_RestArea_0001,Kweiden,rest_area,-11512.00,727.00,-379.00
Node_Cal_HohenmarkRuins_RestArea_0001,Calphade,ruins,-12607.00,1037.00,-2899.00
Node_Dem_EyeOfIce_RestArea_0001,Demeniss,rest_area,-8626.00,655.00,-880.00
Node_Crim_FossilhornTotem_RestArea_0001,Crimson,rest_area,-5202.00,500.00,-1932.00
Node_Crim_HowlsandsCamp_RestArea_0001,Crimson,camp,-5230.00,698.00,771.00
Node_Del_WindCliffFort_RestArea_0001_RestArea_0001,Delesyia,fort,-6573.00,514.00,-5586.00
Node_Dem_Flame_Knights_RestArea_0001,Demeniss,rest_area,-9018.00,612.00,-3013.00
Node_Her_FortHellwood_RestArea_0001,Hernand,fort,-11214.00,799.00,-5509.00
Node_Dem_BloodsteelCamp_RestArea_0001,Demeniss,camp,-8882.00,635.00,-5947.00
Node_Dem_RestArea_0001,Demeniss,rest_area,-8144.00,496.00,-4783.00
Node_Dem_RestArea_0002,Demeniss,rest_area,-8507.00,474.00,-4850.00
Node_Her_RestArea_0003,Hernand,rest_area,-9771.00,688.00,-1540.00
Node_Her_RestArea_0004,Hernand,rest_area,-9550.00,620.00,-1183.00
Node_Crim_RestArea_0005,Crimson,rest_area,-5454.00,657.00,-988.00
Node_Kwe_RestArea_0006,Kweiden,rest_area,-11835.00,692.00,-1246.00
Node_Kwe_RestArea_0007,Kweiden,rest_area,-12175.00,706.00,-885.00
Node_Crim_RestArea_0008,Crimson,rest_area,-4977.00,660.00,-1097.00
Node_Kwe_RestArea_0009,Kweiden,rest_area,-11327.00,680.00,-1721.00
Node_Kwe_RestArea_0010,Kweiden,rest_area,-11491.00,693.00,-1403.00
Node_Kwe_RestArea_0011,Kweiden,rest_area,-10347.00,708.00,962.00
Node_Kwe_RestArea_0012,Kweiden,rest_area,-10729.00,682.00,984.00
Node_Kwe_RestArea_0013,Kweiden,rest_area,-10933.00,931.00,140.00
Node_Her_RestArea_0014,Hernand,rest_area,-10281.00,649.00,-2817.00
Node_Her_RestArea_0015,Hernand,rest_area,-11639.00,735.00,-4019.00
Node_Her_RestArea_0016,Hernand,rest_area,-11542.00,670.00,-4189.00
Node_Kwe_RestArea_0017,Kweiden,rest_area,-11530.00,795.00,652.00
Node_Del_RestArea_0018,Delesyia,rest_area,-6708.00,494.00,-5562.00
Node_Crim_RestArea_0019,Crimson,rest_area,-6655.00,655.00,-951.00
Node_Crim_RestArea_0020,Crimson,rest_area,-6536.00,625.00,-1047.00
Node_Her_RestArea_0021,Hernand,rest_area,-11350.00,601.00,-5027.00
Node_Her_RestArea_0022,Hernand,rest_area,-11440.00,629.00,-5195.00
Node_Kwe_RestArea_0023,Kweiden,rest_area,-9888.00,658.00,-1220.00
Node_Her_RestArea_0024,Hernand,rest_area,-10472.00,744.00,-2374.00
Node_Del_RestArea_0025,Delesyia,rest_area,-5533.00,405.00,-3313.00
Node_Crim_RestArea_0026,Crimson,rest_area,-6241.00,508.00,-1881.00
Node_Crim_RestArea_0027,Crimson,rest_area,-4863.00,675.00,1545.00
Node_Kwe_RestArea_0028,Kweiden,rest_area,-12278.00,702.00,-716.00
Node_Neut_RestArea_0029,Neutral,rest_area,-5808.00,500.00,-4493.00
Node_Neut_RestArea_0030,Neutral,rest_area,-5648.00,542.00,-4233.00
Node_Neut_RestArea_0031,Neutral,rest_area,-5527.00,433.00,-3462.00
Node_Her_RestArea_0032,Hernand,rest_area,-10285.00,581.00,-5135.00
Node_Del_RestArea_0033,Delesyia,rest_area,-4543.00,404.00,-4778.00
Node_Her_RestArea_0035,Hernand,rest_area,-9937.00,578.00,-5655.00
Node_Crim_RestArea_0036,Crimson,rest_area,-5558.00,651.00,-860.00
Node_Kwe_RestArea_0037,Kweiden,rest_area,-9539.00,617.00,-690.00
Node_Kwe_RestArea_0038,Kweiden,rest_area,-9721.00,639.00,-1161.00
Node_Her_RestArea_0039,Hernand,rest_area,-9611.00,643.00,-1362.00
Node_Her_RestArea_0040,Hernand,rest_area,-10026.00,715.00,-2463.00
Node_Her_RestArea_0041,Hernand,rest_area,-10026.00,519.00,-4436.00
Node_Her_RestArea_0042,Hernand,rest_area,-11705.00,700.00,-4192.00
Node_Her_RestArea_0043,Hernand,rest_area,-11623.00,696.00,-4222.00
Node_Her_RestArea_0044,Hernand,rest_area,-11094.00,556.00,-4653.00
Node_Her_RestArea_0046,Hernand,rest_area,-11957.00,862.00,-4021.00
Node_Her_RestArea_0047,Hernand,rest_area,-12218.00,938.00,-4276.00
Node_Her_RestArea_0048,Hernand,rest_area,-11453.00,781.00,-3595.00
Node_Kwe_RestArea_0049,Kweiden,rest_area,-11508.00,730.00,897.00
Node_Her_RestArea_0050,Hernand,rest_area,-12390.00,930.00,-3045.00
Node_Her_RestArea_0051,Hernand,rest_area,-12635.00,968.00,-1790.00
Node_Her_RestArea_0052,Hernand,rest_area,-9660.00,612.00,-2794.00
Node_Her_RestArea_0053,Hernand,rest_area,-10518.00,632.00,-4788.00
Node_Her_RestArea_0054,Hernand,rest_area,-11923.00,967.00,-5890.00
Node_Her_RestArea_0055,Hernand,rest_area,-10336.00,477.00,-5757.00
Node_Her_RestArea_0056,Hernand,rest_area,-11045.00,778.00,-6728.00
Node_Del_RestArea_0057,Delesyia,rest_area,-3144.00,456.00,-4562.00
Node_Del_RestArea_0058,Delesyia,rest_area,-3796.00,401.00,-4783.00
Node_Del_RestArea_0059,Delesyia,rest_area,-3815.00,452.00,-5861.00
Node_Del_RestArea_0060,Delesyia,rest_area,-4217.00,625.00,-5166.00
Node_Del_RestArea_0061,Delesyia,rest_area,-5324.00,417.00,-4838.00
Node_Del_RestArea_0062,Delesyia,rest_area,-5260.00,394.00,-4087.00
Node_Del_RestArea_0063,Delesyia,rest_area,-5510.00,412.00,-5386.00
Node_Del_RestArea_0064,Delesyia,rest_area,-6470.00,505.00,-4967.00
Node_Del_RestArea_0065,Delesyia,rest_area,-6268.00,415.00,-4286.00
Node_Del_RestArea_0066,Delesyia,rest_area,-5327.00,447.00,-2815.00
Node_Del_RestArea_0067,Delesyia,rest_area,-4859.00,373.00,-3362.00
Node_Del_RestArea_0068,Delesyia,rest_area,-4472.00,420.00,-2902.00
Node_Del_RestArea_0069,Delesyia,rest_area,-2652.00,374.00,-6582.00
Node_Crim_RestArea_0070,Crimson,rest_area,-4257.00,666.00,-1205.00
Node_Crim_RestArea_0071,Crimson,rest_area,-3930.00,662.00,-528.00
Node_Crim_RestArea_0072,Crimson,rest_area,-4650.00,594.00,-986.00
Node_Crim_RestArea_0073,Crimson,rest_area,-5068.00,687.00,-467.00
Node_Crim_RestArea_0075,Crimson,rest_area,-5012.00,671.00,568.00
Node_Crim_RestArea_0076,Crimson,rest_area,-4359.00,664.00,1534.00
Node_Crim_RestArea_0077,Crimson,rest_area,-4608.00,650.00,3011.00
Node_Crim_RestArea_0078,Crimson,rest_area,-5476.00,705.00,977.00
Node_Crim_RestArea_0079,Crimson,rest_area,-5414.00,675.00,347.00
Node_Crim_RestArea_0081,Crimson,rest_area,-6019.00,519.00,-1477.00
Node_Crim_RestArea_0082,Crimson,rest_area,-6708.00,659.00,-664.00
Node_Crim_RestArea_0083,Crimson,rest_area,-6308.00,699.00,671.00
Node_Crim_RestArea_0084,Crimson,rest_area,-7901.00,690.00,-282.00
Node_Crim_RestArea_0085,Crimson,rest_area,-8419.00,687.00,-368.00
Node_Dem_RestArea_0086,Demeniss,rest_area,-8744.00,650.00,-1361.00
Node_Dem_RestArea_0087,Demeniss,rest_area,-8675.00,643.00,-1705.00
Node_Dem_RestArea_0088,Demeniss,rest_area,-7798.00,657.00,-1328.00
Node_Dem_RestArea_0089,Demeniss,rest_area,-7553.00,570.00,-1954.00
Node_Dem_RestArea_0090,Demeniss,rest_area,-7446.00,402.00,-4231.00
Node_Dem_RestArea_0091,Demeniss,rest_area,-8634.00,541.00,-6185.00
Node_Dem_RestArea_0092,Demeniss,rest_area,-9071.00,481.00,-4280.00
Node_Dem_RestArea_0093,Demeniss,rest_area,-7115.00,406.00,-3897.00
Node_Kwe_FrostCamp,Kweiden,camp,-10747.00,912.00,-460.00
Node_Kwe_FrostHaven,Kweiden,poi,-10519.00,955.00,-257.00
Node_Kwe_FrostStay,Kweiden,poi,-10740.00,833.00,-815.00
Node_Kwe_SnowleafHaven,Kweiden,poi,-10843.00,752.00,-1082.00
Node_Kwe_HollowGrounds,Kweiden,landmark,-9640.00,654.00,1028.00
Node_Crim_OreVein_0001,Crimson,ore_vein,-5329.00,483.00,-2337.00
Node_Crim_OreVein_0002,Crimson,ore_vein,-6718.00,819.00,-126.00
Node_Crim_OreVein_0003,Crimson,ore_vein,-4188.00,614.00,-1007.00
Node_Crim_OreVein_0004,Crimson,ore_vein,-5000.00,653.00,1559.00
Node_Kwe_BranchshadowHideout,Kweiden,ranch,-9687.00,672.00,1116.00
Node_Kwe_WhiteGreattreeHaven,Kweiden,poi,-11165.00,677.00,945.00
Node_Kwe_ThickRootHideout,Kweiden,monster_lair,-9407.00,649.00,-404.00
Node_Kwe_WideRootHideout,Kweiden,monster_lair,-10415.00,675.00,-1165.00
Node_Kwe_TangledRootHideout,Kweiden,monster_lair,-9937.00,693.00,748.00
Node_Her_SanctumOfPenitence,Hernand,poi,-9397.00,598.00,-5000.00
Node_Her_SanctumOfTemperance,Hernand,poi,-9971.00,596.00,-4877.00
Node_Her_SanctumOfAtonement,Hernand,poi,-11466.00,811.00,-3219.00
Node_Her_SanctumOfDeliverance,Hernand,poi,-10667.00,744.00,-2554.00
Node_Her_SanctumOfBenediction,Hernand,poi,-12424.00,1054.00,-3554.00
Node_Her_SanctumOfExpiation,Hernand,poi,-9198.00,764.00,-1662.00
Node_Del_SanctumOfMortification,Delesyia,poi,-7617.00,602.00,-2066.00
Node_Dem_SanctumOfRenunciation,Demeniss,poi,-5146.00,521.00,-2305.00
Node_Del_Temple_0014,Delesyia,shrine,-3193.00,469.00,-5609.00
Node_Del_Temple_0015,Delesyia,shrine,-3429.00,400.00,-4493.00
Node_Del_SanctumOfVeneration,Delesyia,poi,-4045.00,545.00,-5101.00
Node_Del_SanctumOfDevotion,Delesyia,poi,-6478.00,566.00,-5130.00
Node_Kwe_SanctumOfExaltation,Kweiden,poi,-10333.00,794.00,583.00
Node_Her_SanctumOfSolace,Hernand,poi,-10490.00,847.00,-639.00
Node_Her_SanctumOfAbsolution,Hernand,poi,-11795.00,1009.00,-5900.00
Node_Dem_SanctumOfRevelation,Demeniss,poi,-7170.00,417.00,-4255.00
Node_Her_SpireOfTheStars,Hernand,poi,-12043.00,1004.00,-4699.00
Node_Her_MindAltar,Hernand,shrine,-12098.28,1860.04,-4782.17
Node_Her_SecretGarden,Hernand,monster_lair,-12430.00,1794.00,-5235.00
Node_Her_VengeanceDoor,Hernand,poi,-11156.41,1874.59,-6122.83
Node_Her_LonelyAltar,Hernand,shrine,-11156.21,1832.42,-4134.20
Node_Dem_WisdomTower,Demeniss,tower,-9561.00,638.00,-5881.00
Node_Dem_MysterySquare,Demeniss,poi,-6341.00,1982.00,-3044.00
Node_Dem_SkyFragment,Demeniss,poi,-5772.00,1792.00,-2697.00
Node_Crim_LifeCircles,Crimson,landmark,-10511.42,1876.21,738.82
Node_Dem_JiJeongTower,Demeniss,tower,-7638.00,608.00,-4847.00
Node_Dem_JumpTower,Demeniss,tower,-8330.00,621.00,-1978.00
Node_Crim_CrescentSkyway,Crimson,landmark,-8479.28,1885.69,-2117.10
Node_Dem_BigRockCrown,Demeniss,landmark,-9017.00,1844.00,-1600.00
Node_Crim_SunTower,Crimson,tower,-7384.00,694.00,-571.00
Node_Crim_TombOfPeace,Crimson,tomb,-8487.00,1792.00,-380.00
Node_DesertFragment,Unknown,poi,-7912.40,1857.79,291.22
Node_Crim_TruthThrone,Crimson,landmark,-7060.00,1819.00,-1055.00
Node_Crim_DimensionMaze,Crimson,dungeon,-7432.00,1998.00,-805.00
Node_Her_TruthRoot,Hernand,poi,-10130.00,1857.00,-5946.00
Node_Dem_ChaosForest,Demeniss,forest,-9780.76,1795.35,-6470.96
Node_Dem_SnakePath,Demeniss,poi,-7893.00,1812.00,-5685.00
Node_Dem_GuruHaven,Demeniss,poi,-7957.00,1855.00,-5222.00
Node_Del_ClockTower,Delesyia,tower,-6374.00,554.00,-2477.00
Node_Del_BraveNest,Delesyia,monster_lair,-7826.70,1976.03,-500.51
Node_Del_FallenGateway,Delesyia,gate,-8160.57,1990.41,-1181.59
Node_Del_ThinkCore,Delesyia,poi,-6973.00,2902.00,-2934.00
Node_Kwe_SpireOfRingingTruth,Kweiden,poi,-11858.00,900.00,-762.00
Node_Kwe_SkyRest,Kweiden,poi,-11879.00,1983.00,-775.00
Node_Kwe_SkyloopBridge,Kweiden,bridge,-10874.71,1875.22,-1312.83
Node_Kwe_DarkTemple,Kweiden,shrine,-11133.00,1799.00,308.00
Node_Kwe_DreamTree,Kweiden,poi,-9788.00,1810.00,228.00
Node_Kwe_TestWay,Kweiden,poi,-11640.00,1994.00,949.00
Node_Dem_FrozenTower,Demeniss,tower,-8487.00,623.00,-979.00
Node_Abyssone_0002,Abyss,abyss_node,-10583.00,1802.00,-3781.00
Node_Abyssone_0009,Abyss,abyss_node,-9391.00,2051.00,-2993.00
Node_Abyssone_0121,Abyss,abyss_node,-7018.00,1918.00,-450.00
Node_Abyssone_0001,Abyss,abyss_node,-10213.00,1825.00,-4066.00
Node_Abyssone_0013,Abyss,abyss_node,-8920.31,2202.41,-4927.26
Node_Abyssone_0144,Abyss,abyss_node,-8352.11,1821.40,-4785.19
Node_Abyssone_0036,Abyss,abyss_node,-4320.67,1931.07,-1642.71
Node_Abyssone_0055,Abyss,abyss_node,-10610.00,1933.00,-1726.00
Node_Abyssone_0089,Abyss,abyss_node,-12292.00,2070.00,-3177.00
Node_Abyssone_0113,Abyss,abyss_node,-5029.00,1867.00,-1929.00
Node_Abyssone_0158,Abyss,abyss_node,-10518.00,1841.00,-5204.00
Node_Abyssone_0200,Abyss,abyss_node,-5932.12,2005.05,468.62
Node_Abyssone_0201,Abyss,abyss_node,-8084.75,1959.39,-3587.20
Node_Abyssone_End_0001,Abyss,abyss_node,-7764.00,2516.00,-2326.00
Node_Del_GearworkGate,Delesyia,gate,-4272.00,732.00,-5196.00
Node_Abyss_SteelSail,Abyss,abyss_poi,-3506.00,1889.00,-5461.00
Node_Abyss_SkyPillars,Abyss,abyss_poi,-4822.00,1953.00,-5233.00
Node_Abyss_StreamSky,Abyss,abyss_poi,-5719.00,1874.00,-4028.00
Node_Abyss_RecordFleet,Abyss,abyss_poi,-3699.15,2028.82,-4566.29
Node_Abyss_MechHeart,Abyss,abyss_poi,-4310.00,1797.00,-4521.00
Node_Dem_EastGreyManeTemple,Demeniss,shrine,893.58,3574.84,62579.38
